AAL,American Airlines Group
AAME,Atlantic American
AAOI,Applied Optoelectronics
AAON,AAON
AAPL,Apple
AAVL,Avalanche Biotechnologies
AAWW,Atlas Air
ABAC,Aoxin Tianli Group
ABAX,Abaxis
ABCB,Ameris Bank
ABCD,Cambium Learning Group
ABCO,The Advisory Board
ABCW,AnchorBank
ABDC,Alcentra Capital
ABGB,Abengoa
ABIO,ARCA Biopharma
ABMD,Abiomed
ABTL,Autobytel
ABY,Abengoa Yield
ACAD,Acadia Pharmaceuticals
ACAS,American Capital
ACAT,Arctic Cat
ACET,Aceto
ACFC,Atlantic Coast Federal
ACFN,Acorn Energy
ACGL,Arch Capital Group
ACHC,Acadia Healthcare
ACHN,Achillion Pharmaceuticals
ACIW,ACI Worldwide
ACLS,Axcelis Technologies
ACNB,ACNB
ACOR,Acorda Therapeutics
ACPW,Active Power
ACRX,AcelRx Pharmaceuticals
ACST,Acasti Pharma
ACTA,Actua Corporation
ACTG,Acacia Research
ACTS,Actions Semiconductor
ACUR,Acura Pharmaceuticals
ACXM,Acxiom
ADAT,Authentidate
ADBE,Adobe Systems
ADEP,Adept Technology
ADHD,Alcobra
ADI,Analog Devices
ADMA,Adma Biologics
ADMP,Adamis Pharmaceuticals
ADNC,Audience
ADP,Automatic Data Processing
ADSK,Autodesk
ADTN,ADTRAN
ADUS,Addus Homecare
ADVS,Advent Software
ADXS,Advaxis
AEGN,Aegoin
AEGR,Aegerion Pharmaceuticals
AEHR,Aehr Test Systems
AEIS,Advanced Energy Industries
AEPI,AEP Industries
AERI,Aerie Pharmaceuticals
AETI,American Electric Technologies
AEY,Addvantage Technologies Group
AEZS,Aeterna Zentaris
AFAM,Almost Family
AFFX,Affymetrix
AFH,Atlas Financial
AFMD,Affimed Therapeutics
AFOP,Alliance Fiber Optic Products
AFSI,AmTrust Financial
AGEN,Agenus
AGII,Argo Group
AGIO,Agios Pharmaceuticals
AGNC,American Capital Agency
AGRX,Agile Therapeutics
AGTC,Applied Genetic Technologies
AGYS,Agilysys
AHPI,Allied Healthcare Products
AIMC,Altra Industrial Motion
AINV,Apollo Investment
AIQ,Alliance Healthcare Services
AIRM,Air Methods
AIRT,Air T
AIXG,Aixtron
AKAM,Akamai
AKAO,Achaogen
AKBA,Akebia Therapeutics
AKER,Akers Biosciences
AKRX,Akorn
ALCO,Alico
ALDR,Alder Biopharmaceuticals
ALDX,Aldeyra Therapeutics
ALGN,Align Technology
ALGT,Allegiant Travel
ALIM,Alimera Sciences
ALKS,Alkermes
ALLB,Alliance Bank
ALLT,Allot Communications
ALNY,Alnylam Pharmaceuticals
ALOG,Analogic
ALOT,Astro-Med
ALQA,Alliqua
ALSK,Alaska Communications Systems
ALTR,Altera
ALXA,Alexza Pharmaceuticals
ALXN,Alexion Pharmaceuticals
AMAG,AMAG Pharmaceuticals
AMAT,Applied Materials
AMBA,Ambarella
AMBC,Ambac Assurance
AMCC,Applied Micro Circuits
AMCF,Andatee China Marine Fuel Services
AMCN,Airmedia Group
AMCX,AMC Networks
AMD,Advanced Micro Devices
AMDA,Amedica
AMED,Amedisys
AMGN,Amgen
AMIC,American Independence
AMKR,Amkor Technology
AMOT,Allied Motion Technologies
AMPH,Amphastar Pharmaceuticals
AMRI,Albany Molecular Research
AMRK,A-Mark Precious Metals
AMRN,Amarin
AMRS,Amyris
AMSC,American Superconductor
AMSF,Amerisafe
AMSG,Amsurg
AMSWA,American Software
AMTX,Aemetis
AMWD,American Woodmark
AMZN,Amazon
ANAC,Anacor Pharmaceuticals
ANAD,Anadigics
ANAT,American National Insurance
ANCB,Anchor Bank
ANCI,American Caresource
ANCX,Access National
ANDE,The Andersons
ANGI,Angie's List
ANGO,AngioDynamics
ANIK,Anika Therapeutics
ANIP,ANI Pharmaceuticals
ANSS,Ansys
ANTH,Anthera Pharmaceuticals
ANY,Sphere 3D
AOSL,Alpha and Omega Semiconductor
APDN,Applied DNA Sciences
APEI,American Public Education
APOG,Apogee Enterprises
APOL,Apollo Group
APPS,Digital Turbine
APPY,Aspenbio Pharma
APRI,Apricus Biosciences
APSA,Alto Palermo
APTO,Aptose Biosciences
APWC,Asia Pacific Wire & Cable
AQXP,Aquinox Pharmaceuticals
ARAY,Accuray Incorporated
ARCB,ArcBest
ARCI,Appliance Recycling Centers
ARCP,American Realty Capital Property
ARCW,ARC Group Worldwide
ARDM,Aradigm
ARDX,Ardelyx
AREX,Approach Resources
ARGS,Argos Therapeutics
ARIA,Ariad Pharmaceuticals
ARII,American Railcar Industries
ARIS,ARI Network Services
ARKR,Ark Restaurants
ARLP,Alliance Resource Partners
ARNA,Arena Pharmaceuticals
AROW,Arrow Financial
ARQL,Arqule
ARRS,Arris Group
ARRY,Array Biopharma
ARTW,Art's Way Manufacturing
ARTX,Arotech
ARUN,Aruba Networks
ARWR,Arrowhead Research
ASBB,Asheville Savings Bank
ASBI,Ameriana Bank
ASCMA,Ascent Media
ASEI,American Science and Engineering
ASFI,Asta Funding
ASMB,Assembly Biosciences
ASMI,ASM International
ASNA,Ascena Retail Group
ASND,Ascendis Pharma
ASPS,Altisource
ASPX,Auspex Pharmaceuticals
ASRV,AmeriServ Financial
ASTC,Astrotech
ASTE,Astec Industries
ASTI,Ascent Solar
ASUR,Asure Software
ASYS,Amtech Systems
ATAI,ATA
ATAX,America First Tax Exempt
ATEA,Astea
ATEC,Alphatec
ATHN,AthenaHealth
ATHX,Athersys
ATLC,Atlanticus
ATLO,Ames National
ATML,Atmel
ATNI,Atlantic Tele-Network
ATNY,API Technologies
ATOS,Atossa Genetics
ATRA,Atara Biotherapeutics
ATRC,Atricure
ATRI,Atrion
ATRM,Aetrium
ATRO,Astronics
ATRS,Antares Pharma
ATSG,Air Transport Services Group
ATTU,Attunity
ATVI,Activision Blizzard
AUBN,AuburnBank
AUDC,AudioCodes
AUPH,Aurinia Pharmaceuticals
AVAV,Aerovironment
AVEO,Aveo Pharmaceuticals
AVGO,Avago Technologies
AVGR,Avinger
AVHI,AV Homes
AVID,Avid Technology
AVNU,Avenue Financial
AVNW,Aviat Networks
AWAY,HomeAway
AWRE,Aware
AXAS,Abraxas Petroleum
AXDX,Accelerate Diagnostics
AXGN,Axogen
AXPW,Axion Power
AXTI,AXT
AZPN,Aspen Technology
BABY,Natus Medical
BAGR,Diversified Restaurant Holdings
BAMM,Books-A-Million
BANF,BancFirst
BANR,Banner
BANX,StoneCastle Financial Corporation
BASI,Bioanalytical Systems
BBBY,Bed Bath & Beyond
BBCN,BBCN Bank
BBEP,Breitburn Energy Partners
BBGI,Beasley Broadcast Group
BBLU,Blue Earth
BBNK,Bridge Capital
BBOX,Black Box
BBRG,Bravo Brio Restaurant Group
BBRY,Blackberry Limited
BBSI,Barrett Business Services
BCBP,BCB Community Bank
BCLI,BrainStorm Cell Therapeutics
BCOM,B Communications
BCOR,Blucora
BCOV,Brightcove
BCPC,Balchem
BCRX,BioCryst Pharmaceuticals
BDBD,Boulder Brands
BDCV,BDCA Venture
BDE,Black Diamond
BDGE,Bridgehampton National Bank
BDMS,Birner Dental Management
BDSI,BioDelivery Sciences
BEAT,CardioNet
BEAV,BE Aerospace
BEBE,Bebe Stores
BECN,Beacon Roofing Supply
BELFA,Bel Fuse
BFIN,BankFinancial
BGCP,BGC Partners
BGFV,Big 5 Sporting Goods
BGMD,BG Medicine
BHBK,Blue Hills Bank
BIDU,Baidu
BIIB,Biogen Idec
BIND,Bind Therapeutics
BIOC,Biocept
BIOD,Biodel
BIOL,Biolase Technology
BIOS,Bioscrip
BJRI,BJ's Restaurants
BKCC,Blackrock Kelso Capital
BKEP,Blueknight Energy
BKMU,Bank Mutual
BKSC,Bank of South Carolina
BKYF,The Bank of Kentucky
BLBD,Blue Bird
BLCM,Bellicum Pharmaceuticals
BLDP,Ballard Power Systems
BLDR,Builders FirstSource
BLFS,Biolife Solutions
BLIN,Bridgeline Digital
BLKB,Blackbaud
BLMN,Bloomin' Brands
BLMT,Belmont Savings Bank
BLPH,Bellerophon Therapeutics
BLRX,Biolinerx
BLUE,Bluebird Bio
BLVD,Belvedere Resources
BMRC,Bank of Marin
BMRN,Biomarin Pharmaceutical
BMTC,Bryn Mawr Bank
BNCL,Beneficial Bank
BNCN,Bank of North Carolina
BNFT,Benefitfocus
BNSO,Bonso Electronics
BOBE,Bob Evans Farms
BOKF,BOK Financial
BONA,Bona Film Group
BONT,The Bon-Ton Stores
BOOM,Dynamic Materials
BOSC,Better Online Solutions
BOTA,Biota Pharmaceuticals
BOTJ,Bank of The James
BPOP,Popular
BRCD,Brocade Communications Systems
BRCM,Broadcom
BRDR,Borderfree
BREW,Craft Brewers Alliance
BRID,Bridgford Foods
BRKL,Brookline Bank
BRKR,Bruker
BRKS,Brooks Automation
BRLI,Bio-Reference Laboratories
BSDM,BSD Medical
BSET,Bassett Furniture
BSF,Bear State Financial
BSFT,Broadsoft
BSPM,Biostar Pharmaceuticals
BSQR,Bsquare
BSRR,Bank of the Sierra
BSTC,Biospecifics Technologies
BUR,Burcon Nutrascience
BUSE,First Busey
BV,Bazaarvoice
BVA,Bank of Virginia
BVSN,Broadvision
BWEN,Broadwind Energy
BWFG,Bankwell
BWINA,Baldwin & Lyons
BWLD,Buffalo Wild Wings
BYBK,Bay Bank
BYFC,Broadway Financial
BYLK,Baylake
CAAS,China Automotive Systems
CAC,Camden National
CACB,Bank of the Cascades
CACC,Credit Acceptance
CADC,China Advanced Construction
CAKE,The Cheesecake Factory
CALA,Calithera Biosciences
CALD,Callidus Software
CALI,China Auto Logistics
CALL,Vocaltec Communications
CALM,Cal-Maine Foods
CAMP,Calamp
CAMT,Camtek
CAPN,Capnia
CAR,Avis Budget Group
CARA,Cara Therapeutics
CARB,Carbonite
CARO,Carolina Financial
CART,Carolina Trust Bank
CARV,Carver Federal Savings Bank
CASH,MetaBank
CASI,Casi Pharmaceuticals
CASM,Cas Medical Systems
CASS,Cass Information Systems
CASY,Casey's General Stores
CATM,Cardtronics
CATY,Cathay Bank
CAVM,Cavium
CBAK,China Bak Battery
CBAN,Colony Bankcorp
CBAY,Cymabay Therapeutics
CBF,Capital Bank
CBFV,Columbia Bank
CBIN,Community Bank Shares of Indiana
CBLI,Cleveland Biolabs
CBMG,Cellular Biomedicine Group
CBMX,CombiMatrix
CBNJ,Cape Bank
CBNK,Chicopee Savings Bank
CBPO,China Biologic
CBRL,Cracker Barrel
CBRX,Columbia Laboratories
CCBG,Capital City Bank
CCCL,China Ceramics
CCIH,ChinaCache
CCLP,CSI Compressco
CCMP,Cabot Microelectronics
CCNE,CNB Financial
CCOI,Cogent Communications
CCRN,Cross Country Healthcare
CCUR,Concurrent Computer
CCXI,Chemocentryx
CDK,CDK Global
CDNA,CareDx
CDNS,Cadence Design Systems
CDTI,Clean Diesel Technologies
CDW,CDW
CDXS,Codexis
CDZI,Cadiz
CECE,Ceco Environmental
CECO,Career Education
CELG,Celgene
CEMI,Chembio Diagnostics
CEMP,Cempra
CENT,Central Garden & Pet
CENX,Century Aluminum
CERE,Ceres
CERN,Cerner
CERS,Cerus
CERU,Cerulean Pharmaceuticals
CETV,Central European Media Enterprises
CEVA,Ceva
CFBK,Central Federal
CFFI,C&F Finance Company
CFFN,Capitol Federal
CFNB,CalFirst Bank
CFNL,Cardinal Financial
CFRX,ContraFect
CG,The Carlyle Group
CGEN,Compugen
CGIX,Cancer Genetics
CGNX,Cognex
CHCI,Comstock Homebuilding
CHDN,Churchill Downs
CHEF,The Chefs' Warehouse
CHEKU,Check-Cap
CHEV,Cheviot Savings Bank
CHFC,Chemical Bank
CHFN,Charter Financial
CHI,Calamos Convertible Opportunities
CHKE,Cherokee
CHKP,Check Point Software
CHLN,China Housing & Land Development
CHMG,Chemung Financial
CHNR,China Natural Resources
CHOP,China Gerui Advanced Materials
CHRS,Coherus Biosciences
CHRW,C.H. Robinson
CHTR,Charter Communications
CHYR,Chyron
CIDM,Cinedigm Digital Cinema
CIFC,CIFC
CINF,Cincinnati Financial
CISG,CNinsure
CJJD,China Jo-Jo Drugstores
CKEC,Carmike Cinemas
CKSW,ClickSoftware Technologies
CLCT,Collectors Universe
CLDN,Celladon
CLDX,Celldex Therapeutics
CLFD,Clearfield
CLIR,Clearsign Combustion Corporatio
CLMS,Calamos Asset Management
CLMT,Calumet Specialty Products
CLNE,Clean Energy Fuels
CLNT,Cleantech Solutions International
CLRB,Cellectar Biosciences
CLRO,ClearOne Communications
CLRX,CollabRx
CLSN,Celsion
CLTX,Celsus Therapeutics
CLVS,Clovis Oncology
CMCO,Columbus McKinnon
CMCSA,Comcast
CMCT,Cim Commercial Trust
CME,CME Group
CMFN,CM Finance
CMGE,China Mobile Games and Entertainment
CMLS,Cumulus Media
CMPR,Cimpress
CMRX,Chimerix
CMSB,CMS Bank
CMTL,Comtech Telecommunications
CNAT,Conatus Pharmaceuticals
CNBKA,Century Bank
CNCE,Concert Pharmaceuticals
CNDO,Coronado Biosciences
CNIT,China Information Technology
CNMD,Conmed
CNOB,ConnectOne Bank
CNSI,Comverse
CNTF,China Techfaith Wireless
CNTY,Century Casinos
CNV,Cnova
CNXR,Connecture
COBK,Colonial Financial Services
COBZ,Colorado Business Bank
COCO,Corinthian Colleges
COHR,Coherent
COHU,Cohu
COLB,Columbia Banking System
COLM,Columbia Sportswear
CONE,Cyrusone
CONN,Conn's
COOL,Majesco Entertainment
CORI,Corium
CORT,Corcept Therapeutics
COSI,Cosi
COST,Costco Wholesale
COVS,Covisint
COWN,Cowen Group
CPAH,Counterpath
CPGI,China Shengda Packaging
CPHD,Cepheid
CPHR,Cipher Pharmaceuticals
CPIX,Cumberland Pharmaceuticals
CPLA,Capella Education
CPLP,Capital Product Partners
CPRT,Copart
CPRX,Catalyst Pharmaceutical Partners
CPSH,CPS Technologies
CPSI,Computer Programs and Systems
CPSS,Consumer Portfolio Services
CPST,Capstone Turbine
CPXX,Celator Pharma
CRAI,CRA International
CRAY,Cray
CRDC,Cardica
CRDS,Crossroads Systems
CREE,Cree
CREG,China Recycling Energy
CRESW,Cresud S.A.C.I.F.
CRIS,Curis
CRME,Cardiome Pharma
CRMT,America's Car-Mart
CRNT,Ceragon Networks
CROX,Crocs
CRRC,Courier
CRTN,Cartesian
CRTO,Criteo
CRUS,Cirrus Logic
CRVL,Corvel
CRWS,Crown Crafts
CRZO,Carrizo Oil & Gas
CSBK,Clifton Savings Bank
CSCD,Cascade Microtech
CSCO,Cisco Systems
CSFL,Centerstate Banks
CSGP,Costar Group
CSGS,CSG Systems
CSII,Cardiovascular Systems
CSIQ,Canadian Solar
CSOD,Cornerstone Ondemand
CSTE,Caesarstone
CSUN,China Sunergy
CSWC,Capital Southwest
CTAS,Cintas
CTBI,Community Trust
CTCM,CTC Media
CTCT,Constant Contact
CTG,Computer Task Group
CTHR,Charles & Colvard
CTIB,CTI Industries
CTIC,Cell Therapeutics
CTRL,Control4
CTRN,Citi Trends
CTRP,Ctrip
CTRV,Contravir Pharmaceuticals
CTRX,Catamaran
CTSH,Cognizant Technology Solutions
CTSO,Cytosorbents
CTWS,Connecticut Water Service
CTXS,Citrix
CUI,CUI Global
CUNB,California United Bank
CUTR,Cutera
CVBF,Citizens Business Bank
CVCO,Cavco Industries
CVCY,Central Valley Community Bank
CVGI,Commercial Vehicle Group
CVGW,Calavo Growers
CVLT,Commvault Systems
CVLY,PeoplesBank
CVTI,Covenant Transportation Group
CVV,CVD Equipment
CWAY,Coastway Community Bank
CWCO,Consolidated Water
CWST,Casella Waste Systems
CXDC,China XD Plastics
CY,Cypress Semiconductor
CYAN,Cyanotech
CYBE,Cyberoptics
CYBR,Cyberark Software
CYBX,Cyberonics
CYCC,Cyclacel Pharmaceuticals
CYNO,Cynosure
CYOU,Changyou.com
CYRN,Cyren
CYTK,Cytokinetics
CYTR,Cytrx
CYTX,Cytori Therapeutics
CZFC,Citizens First
CZNC,Citizens & Northern
CZR,Caesars Entertainment
CZWI,Citizens Community Federal Bank
DAEG,Unify
DAIO,Data I/O
DAKT,Daktronics
DARA,Dara Biosciences
DATE,Jiayuan.com
DAVE,Famous Dave's
DBVT,DBV Technologies
DCIX,Diana Containerships
DCTH,Delcath Systems
DENN,Denny's
DEPO,Depomed
DERM,Dermira
DEST,Destination Maternity
DFRG,Del Frisco's
DGAS,Delta Natural Gas
DGICA,Donegal Group
DGII,Digi International
DGLY,Digital Ally
DHIL,Diamond Hill Investment Group
DHRM,Dehaier Medical Systems
DIOD,Diodes
DISCA,Discovery Communications
DISH,DISH Network
DJCO,Daily Journal
DLTR,Dollar Tree
DMLP,Dorchester Minerals
DMND,Diamond Foods
DMRC,Digimarc
DNBF,DNB First
DNKN,Dunkin' Brands Group
DORM,Dorman Products
DOVR,Dover Saddlery
DOX,Amdocs Limited
DPRX,Dipexium Pharmaceuticals
DRAD,Digirad
DRAM,Dataram
DRIV,Digital River
DRNA,Dicerna Pharmaceuticals
DRRX,Durect
DRWI,Dragonwave
DRYS,Dryships
DSCI,Derma Sciences
DSCO,Discovery Laboratories
DSGX,The Descartes Systems Group
DSKX,DS Healthcare Group
DSKY,iDreamSky Technology
DSPG,DSP Group
DSWL,Deswell Industries
DTLK,Datalink
DTSI,DTS
DTV,DirecTV
DVAX,Dynavax Technologies
DVCR,Diversicare Healthcare Services
DWA,Dreamworks
DWCH,Datawatch
DWSN,Dawson Geophysical
DXCM,DexCom
DXLG,Casual Male
DXM,Dex Media
DXPE,DXP Enterprises
DXYN,The Dixie Group
DYAX,Dyax
DYNT,Dynatronics
DYSL,Dynasil Corporation of America
EA,Electronic Arts
EAC,Erickson Air-Crane Incorporated
EBAY,eBay
EBIO,Eleven Biotherapeutics
EBIX,eBix
EBMT,Opportunity Bank of Montana
EBSB,East Boston Savings Bank
EBTC,Enterprise Bank
ECHO,Echo Global Logistics
ECOL,US Ecology
ECPG,Encore Capital Group
ECTE,Echo Therapeutics
ECYT,Endocyte
EDGW,Edgewater Technology
EDS,Exceed
EDUC,Educational Development
EEFT,Euronet Worldwide
EEI,Ecology and Environment
EFII,Electronics For Imaging
EFOI,Energy Focus
EFSC,Enterprise Bank & Trust
EFUT,eFuture Information Technology
EGAN,Egain Comm
EGBN,EagleBank
EGHT,8X8
EGLE,Eagle Bulk Shipping
EGLT,Egalet
EGOV,NIC
EGRX,Eagle Pharmaceuticals
EGT,Entertainment Gaming Asia
EHTH,eHealth
EIGI,Endurance International
ELGX,Endologix
ELNK,Earthlink
ELON,Echelon
ELOS,Syneron Medical
ELRC,Electro Rent
ELSE,Electro-Sensors
ELTK,Eltek
EMCF,Emclaire Financial
EMCI,EMC Insurance Group
EMITF,Elbit Imaging
EMKR,Emcore
EML,Eastern Company
EMMS,Emmis Communications
ENFC,Entegra Financial
ENG,Englobal
ENOC,Enernoc
ENPH,Enphase Energy
ENSG,The Ensign Group
ENT,Global Eagle Entertainment
ENTA,Enanta Pharmaceuticals
ENTG,Entegris
ENTL,Entellus Medical
ENTR,Entropic Communications
ENVI,Envivio
ENZN,Enzon Pharmaceuticals
ENZY,Enzymotec
EOPN,E2open
EPAX,Ambassadors Group
EPAY,Bottomline Technologies
EPIQ,Epiq Systems
EPRS,Epirus Biopharmaceuticals
EPZM,Epizyme
EQIX,Equinix
ERI,Eldorado Resorts
ERIC,Ericsson
ERIE,Erie Insurance
ERII,Energy Recovery
EROC,Eagle Rock Energy Partners
ERS,Empire Resources
ESBF,ESB Financial
ESBK,Elmira Savings Bank
ESCA,Escalade
ESCR,Escalera Resources
ESEA,Euroseas
ESGR,Enstar Group Limited
ESIO,Electro Scientific Industries
ESLT,Elbit Systems
ESMC,Escalon Medical
ESPR,Esperion Therapeutics
ESRX,Express Scripts
ESSA,ESSA Bank & Trust
ESSX,Essex Rental
ESXB,Community Bankers Trust
ETFC,E*Trade Financial
ETRM,Enteromedics
EVAR,Lombard Medical
EVEP,EV Energy Partners
EVK,Ever-Glory
EVLV,EVINE Live
EVOK,Evoke Pharma
EVOL,Evolving Systems
EVRY,EveryWare Global
EWBC,East West Bank
EXA,Exa
EXAC,Exactech
EXAS,Exact Sciences
EXEL,Exelixis
EXFO,EXFO
EXLP,Exterran Partners
EXPD,Expeditors International of Washington
EXPE,Expedia
EXPO,Exponent
EXTR,Extreme Networks
EYES,Second Sight
EZCH,EZchip Semiconductor Limited
EZPW,EZCORP
FALC,Falconstor Software
FANG,Diamondback Energy
FARM,Farmer Brothers
FARO,Faro Technologies
FAST,Fastenal
FATE,Fate Therapeutics
FB,Facebook
FBIZ,First Business Bank
FBNC,FirstBank
FBNK,Farmington Bank
FBRC,FBR & Co
FCAP,First Capital
FCCO,First Community
FCCY,1st Constitution Bank
FCEL,FuelCell Energy
FCFS,First Cash Financial Services
FCLF,First Clover Leaf Bank
FCS,Fairchild Semiconductor
FCSC,Fibrocell Science
FCVA,First Capital Bank
FCZA,First Citizens Bank
FDEF,First Federal Bank of the Midwest
FDML,Federal-Mogul
FDUS,Fidus Investment
FEIM,Frequency Electronics
FELE,Franklin Electric Co.
FES,Forbes Energy Svcs
FEYE,FireEye
FFBC,First Financial Bank
FFHL,Fuwei Films
FFIC,Flushing Bank
FFIV,F5 Networks
FFKT,Farmers Capital Bank
FFNM,First Federal of Northern Michigan
FFNW,First Savings Bank Northwest
FFWM,First Foundation
FGEN,Fibrogen
FHCO,Female Health Company
FIBK,First Interstate Bancsystem
FINL,The Finish Line
FISH,Marlin Midstream Partners
FISI,Financial Institutions, Inc.
FISV,Fiserv
FITB,Fifth Third Bank
FIVE,Five Below
FIVN,Five9
FIZZ,National Beverage
FLDM,Fluidigm
FLEX,Flextronics
FLIC,The First of Long Island
FLIR,Flir Systems
FLKS,Flex Pharma
FLL,Full House Resorts
FLML,Flamel Technologies
FLWS,1-800 Flowers.com
FLXN,Flexion Therapeutics
FLXS,Flexsteel Industries
FMBI,First Midwest Bank
FMER,FirstMerit
FMI,Foundation Medicine
FMNB,Farmers National Banc Corp
FNFG,First Niagara
FNGN,Financial Engines
FNLC,First BanCorp
FNRG,ForceField Energy
FNSR,Finisar
FOLD,Amicus Therapeutics
FOMX,Foamix Pharmaceuticals
FONR,Fonar
FORD,Forward Industries
FORM,FormFactor
FORR,Forrester Research
FORTY,Formula Systems
FOSL,Fossil
FOX,21st Century Fox
FPRX,Five Prime Therapeutics
FRBA,First Bank
FRBK,Republic Bank
FRED,Fred's
FREE,FreeSeas
FRGI,Fiesta Restaurant Group
FRME,First Merchants
FRP,Fairpoint Communications
FRPT,Freshpet
FRSH,Papa Murphy's
FSBK,First South Bank
FSBW,1st Security Bank
FSC,Fifth Street Finance
FSFG,First Savings Bank
FSGI,First Security Group
FSLR,First Solar
FSNN,Fusion Telecom Intl
FSRV,FirstService
FSTR,L.B. Foster
FSYS,Fuel Systems Solutions
FTD,FTD Companies
FTEK,Fuel Tech
FTNT,Fortinet
FTR,Frontier Communications
FUEL,Rocket Fuel
FULL,Full Circle Capital
FULT,Fulton Financial
FUNC,First United
FUND,Royce Focus Trust
FWP,Forward Pharma
FWRD,Forward Air
FXCB,Fox Chase Bank
FXEN,FX Energy
GABC,German American
GAI,Global-Tech Advanced Innovations
GAIA,Gaiam
GAINP,Gladstone Investment Corporation
GALE,Galena Biopharma
GALT,Galectin Therapeutics
GAME,Shanda Games Limited
GARS,Garrison Capital
GASS,StealthGas
GBCI,Glacier Bank
GBDC,Golub Capital BDC
GBIM,Globeimmune
GBLI,Global Indemnity
GBNK,Guaranty Bank and Trust
GBSN,Great Basin Scientific
GCBC,The Bank of Greene County
GCVRZ,Sanofi
GDEF,Global Defense & National Secur
GENC,Gencor Industries
GENE,Genetic Technologies
GEOS,Geospace Technologies
GERN,Geron
GEVA,Synageva Biopharma
GEVO,Gevo
GFN,General Finance
GGAL,Grupo Financiero Galicia S.A.
GHDX,Genomic Health
GIFI,Gulf Island Fabrication
GIGA,Giga-Tronics
GIGM,Gigamedia Limited
GIII,G-III Apparel Group
GILD,Gilead Sciences
GILT,Gilat Satellite Networks
GK,G&K Services
GKNT,Geeknet
GLAD,Gladstone Capital
GLBS,Globus Maritime Limited
GLBZ,The Bank of Glen Burnie
GLDC,Golden Enterprises
GLDD,Great Lakes Dredge & Dock
GLMD,Galmed Pharmaceuticals
GLNG,Golar Lng Limited
GLPI,Gaming and Leisure Properties
GLRE,Greenlight Capital
GLRI,Glori Energy
GLUU,Glu Mobile
GLYC,Glycomimetics
GMAN,Gordmans
GMCR,Keurig Green Mountain
GMLP,Golar Lng Partners
GNBC,Green Bank
GNCA,Genocea Biosciences
GNCMA,General Communication
GNMK,Genmark Diagnostics
GNTX,Gentex
GNVC,Genvec
GOGO,Gogo
GOLD,Randgold Resources Limited
GOMO,Sungy Mobile Limited
GOOD,Gladstone Commercial
GOOG,Google
GPIC,Gaming Partners International
GPOR,Gulfport Energy
GPRE,Green Plains Renewable Energy
GPRO,GoPro
GRBK,Green Brick Partners
GRFS,Grifols S.A.
GRIF,Griffin Land & Nurseries
GRMN,Garmin
GROW,U.S. Global Investors
GRPN,Groupon
GRVY,Gravity Co.
GSBC,Great Southern Bank
GSIG,Gsi Group
GSIT,Gsi Technology
GSM,Globe Specialty Metals
GSOL,Global Sources
GSVC,Next Innovation
GT,Goodyear Tire & Rubber
GTIM,Good Times Restaurants
GTLS,Chart Industries
GTWN,Georgetown Bancp Ma
GTXI,GTX
GUID,Guidance Software
GULTU,Gulf Coast Ultra
GURE,Gulf Resources
GWPH,GW Pharmaceuticals
GYRO,Gyrodyne Company of America
HA,Hawaiian Holdings
HABT,The Habit Restaurants
HAFC,Hanmi Bank
HAIN,Hain Celestial Group
HALL,Hallmark Financial Services
HALO,Halozyme Therapeutics
HART,Harvard Apparatus Regenerative
HAS,Hasbro
HAWK,Blackhawk Network
HAYN,Haynes International
HBCP,Home Bank
HBIO,Harvard Bioscience
HBK,Hamilton Bank
HBMD,Howard Bank
HBNC,Horizon Bank
HBOS,Heritage Financial Group
HBP,Huttig Building Products
HCAP,Harvest Capital Credit
HCBK,Hudson City Savings Bank
HCCI,Heritage-Crystal Clean
HCKT,The Hackett Group
HCOM,Hawaiian Telcom
HCSG,Healthcare Services Group
HDNG,Hardinge
HDP,Hortonworks
HDS,HD Supply
HDSN,Hudson Technologies
HEAR,Parametric Sound
HEES,H&E Equipment Services
HELE,Helen of Troy Limited
HEOP,Heritage Oaks Bank
HERO,Hercules Offshore
HFBC,Heritage Bank USA
HFBL,Home Federal Bank
HFWA,Heritage Bank
HIBB,Hibbett Sports
HIFS,Hingham Institution For Savings
HIHO,Highway Holdings
HIIQ,Health Insurance Innovations
HILL,Dot Hill Systems
HIMX,Himax Technologies
HKTV,Hong Kong Television Network
HLIT,Harmonic
HLSS,Home Loan Servicing Solutions
HMHC,Houghton Mifflin Harcourt
HMIN,Homeinns Hotel Group
HMNF,Home Federal Savings Bank
HMNY,Helios & Matheson
HMST,HomeStreet
HMTV,Hemisphere Media
HNH,Handy & Harman
HNNA,Hennessy Advisors
HNRG,Hallador Energy
HNSN,Hansen Medical
HOFT,Hooker Furniture
HOLI,Hollysys Automation Technologies
HOLX,Hologic
HPJ,Highpower International
HPTX,Hyperion Therapeutics
HQY,Healthequity
HRTX,Heron Therapeutics
HRZN,Horizon Technology
HSGX,Histogenics Corporation
HSIC,Henry Schein
HSII,Heidrick & Struggles
HSKA,Heska
HSNI,HSN
HSON,Hudson Global
HSTM,Healthstream
HTBK,Heritage Commerce
HTBX,Heat Biologics
HTCH,Hutchinson Technology
HTHT,China Lodging Group Limited
HTLD,Heartland Express
HTLF,Heartland Financial
HTWO,HF2 Financial Management
HTWR,HeartWare
HUBG,Hub Group
HURC,Hurco Companies
HURN,Huron Consulting Group
HWAY,Healthways
HWCC,Houston Wire & Cable
HWKN,Hawkins
HYGS,Hydrogenics
HZNP,Horizon Pharma
IACI,IAC/InterActiveCorp
IART,Integra LifeSciences
IBKC,IberiaBank
IBKR,Interactive Brokers Group
ICAD,Icad
ICBK,Investors Community Bank
ICCC,ImmuCell
ICEL,Cellular Dynamics
ICFI,ICF International
ICLD,InterCloud Systems
ICLR,ICON Plc
ICON,Iconix Brand Group
ICPT,Intercept Pharmaceuticals
ICUI,ICU Medical
IDCC,Interdigital
IDRA,Idera Pharmaceuticals
IDSA,Industrial Services of America
IDSY,I.D. Systems
IDTI,Integrated Device Technology
IDXX,Idexx Laboratories
IEP,Icahn Enterprises
IESC,Integrated Electrical Services
IFON,Infosonics
IGLD,Internet Gold Golden Lines
IGTE,iGATE
III,Information Services Group
IIIN,Insteel Industries
IIJI,Internet Initiative Japan
IILG,Interval Leisure Group
IIN,Intricon
IIVI,II-VI
IKAN,Ikanos Communications
IKGH,Iao Kun Group
IKNX,Ikonics
ILMN,Illumina
IMDZ,Immune Design
IMGN,Immunogen
IMI,Intermolecular
IMKTA,Ingles Markets
IMMR,Immersion
IMMU,Immunomedics
IMMY,Imprimis Pharmaceuticals
IMNP,Immune Pharmaceuticals
IMOS,Chipmos Technologies
IMRS,Imris
INAP,Internap Network Services
INBK,First Internet Bank of Indiana
INCY,Incyte
INDB,Independent Bank
INFA,Informatica
INFI,Infinity Pharmaceuticals
INFN,Infinera
INGN,Inogen
ININ,Interactive Intelligence
INNL,Innocoll
INO,Inovio Pharmaceuticals
INOD,Innodata Isogen
INOV,Inovalon
INPH,Interphase
INSM,Insmed
INSY,INSYS Therapeutics
INTC,Intel
INTG,The InterGroup Corporation
INTL,INTL FCStone
INTU,Intuit
INTX,Intersections
INVE,Identive Group
INVT,Inventergy Global
INWK,InnerWorkings
IOSP,Innospec
IPAR,Inter Parfums
IPAS,iPass
IPCC,Infinity Property and Casualty
IPCI,Intellipharmaceutics
IPCM,IPC Healthcare
IPDN,Professional Diversity Network
IPGP,IPG Photonics
IPHS,Innophos
IPWR,Ideal Power
IPXL,Impax Laboratories
IQNT,Inteliquent
IRBT,iRobot
IRCP,Irsa Propiedades Comerciales
IRDM,Iridium Communications
IRG,Ignite Restaurant Group
IRIX,Iridex
IRMD,Iradimed Corporation
IROQ,Iroquois Federal Savings and Loan
IRWD,Ironwood Pharmaceuticals
ISBC,Investors Bank
ISCA,International Speedway
ISIG,Insignia Systems
ISIL,Intersil
ISIS,Isis Pharmaceuticals
ISLE,Isle of Capri Casinos
ISNS,Image Sensing Systems
ISRG,Intuitive Surgical
ISRL,Isramco
ISSC,Innovative Solutions and Support
ISSI,Integrated Silicon Solution
ISTR,Investar
ITCI,Intra-Cellular Therapies
ITEK,Inotek Pharmaceuticals Corporation
ITIC,Investors Title
ITRI,Itron
ITRN,Ituran Location and Control
IVAC,Intevac
IVAN,Ivanhoe Energy
IXYS,Ixys
JACK,Jack In The Box
JAKK,Jakks Pacific
JASN,Jason Industries
JASO,JA Solar
JAXB,The Jacksonville Bank
JAZZ,Jazz Pharmaceuticals
JBHT,J.B. Hunt
JBLU,JetBlue
JBSS,John B. Sanfilippo & Son
JCOM,J2 Global Communications
JCS,Communications Systems
JCTCF,Jewett-Cameron Trading
JD,JD.com
JDSU,JDS Uniphase
JIVE,Jive Software
JJSF,J & J Snack Foods
JKHY,Jack Henry & Associates
JMBA,Jamba
JOBS,51Job
JOEZ,Joe's Jeans
JOUT,Johnson Outdoors
JRJC,China Finance Online
JRVR,James River Group
JST,Jinpan International
JTPY,JetPay
JUNO,Juno Therapeutics
JXSB,Jacksonville Savings Bank
JYNT,The Joint
KALU,Kaiser Aluminum
KANG,iKang Healthcare Group
KBAL,Kimball International
KBIO,Kalobios Pharmaceuticals
KBSF,KBS Fashion Group
KCAP,Kohlberg Capital
KCLI,Kansas City Life Insurance
KE,Kimball Electronics
KELYA,Kelly Services
KEQU,Kewaunee Scientific
KERX,Keryx Biopharmaceuticals
KEYW,KEYW
KFFB,First Federal Savings and Loan Association of Hazard
KFRC,Kforce
KFX,Kofax
KGJI,Kingold Jewelry
KIN,Kindred Biosciences
KINS,Kingstone Companies
KIRK,Kirkland's
KITE,Kite Pharma
KLAC,KLA-Tencor
KLIC,Kulicke and Soffa Industries
KLXI,KLX
KMDA,Kamada
KNDI,Kandi Technolgies
KONA,Kona Grill
KONE,Kingtone Wirelessinfo Solution
KOOL,Thermogenesis
KOPN,Kopin
KOSS,Koss
KPTI,Karyopharm Therapeutics
KRFT,Kraft Foods Group
KRNY,Kearny Federal Savings Bank
KTCC,Key Tronic
KTEC,Key Technology
KTOS,Kratos Defense & Security Solutions
KTWO,K2M Group
KUTV,Ku6 Media
KVHI,Kvh Industries
KYTH,Kythera Biopharmaceuticals
KZ,Kongzhong Corporation
LABC,Bank of New Orleans
LABL,Multi-Color
LACO,Lakes Entertainment
LAKE,Lakeland Industries
LAMR,Lamar Advertising
LANC,Lancaster Colony
LAND,Gladstone Land
LARK,Landmark National Bank
LAWS,Lawson Products
LAYN,Layne Christensen
LBAI,Lakeland Bank
LBIO,Lion Biotechnologies
LBIX,Leading Brands
LBRDK,Liberty Broadband Corporation
LBTYK,Liberty Global
LCUT,Lifetime Brands
LE,Lands' End
LECO,Lincoln Electric
LEDS,Semileds
LENS,Presbia
LFUS,Littelfuse
LFVN,Lifevantage
LGCY,Legacy Reserves
LGIH,LGI Homes
LGND,Ligand Pharmaceuticals
LHCG,LHC Group
LIME,Lime Energy
LINC,Lincoln Educational Services
LINE,Linn Energy
LION,Fidelity Southern
LIOX,Lionbridge Technologies
LIQD,Liquid Holdings Group
LIVE,LiveDeal
LJPC,La Jolla Pharma
LKFN,Lake City Bank
LKQ,LKQ
LLEX,Lilis Energy
LLNW,Limelight Networks
LLTC,Linear Technology
LMAT,Lemaitre Vascular
LMCA,Liberty Media
LMIA,LMI Aerospace
LMNR,Limoneira
LMNS,Lumenis
LMNX,Luminex
LMOS,Lumos Networks
LMRK,Landmark Infrastructure Partner
LNBB,Lorain National Bank
LNCE,Snyder's Lance
LNCO,Linn
LNDC,Landec
LOAN,Manhattan Bridge Capital
LOCO,El Pollo Loco
LOGI,Logitech
LOGM,LogMeIn
LOJN,LoJack
LONG,ELong
LOOK,LookSmart
LOPE,Grand Canyon Education
LORL,Loral Space and Communications
LOXO,Loxo Oncology
LPCN,Lipocine
LPHI,Life Partners
LPNT,Lifepoint Hospitals
LPSB,LaPorte Savings Bank
LPSN,LivePerson
LPTH,LightPath Technologies
LPTN,Lpath
LQDT,Liquidity Services
LRAD,Lrad
LRCX,Lam Research
LSBK,Lake Shore Savings Bank
LSCC,Lattice Semiconductor
LSTR,Landstar System
LTBR,Lightbridge
LTRE,Learning Tree
LTRX,Lantronix
LTXB,LegacyTexas
LULU,Lululemon
LUNA,Luna Innovations
LVNTA,Liberty Interactive
LWAY,Lifeway Foods
LXRX,Lexicon Pharmaceuticals
LYTS,LSI Industries
MACK,Merrimack Pharmaceuticals
MAG,Magnetek
MAGS,Magal Security Systems
MAMS,MAM Software Group
MANH,Manhattan Associates
MANT,Mantech
MAR,Marriott
MARA,Marathon Patent Group
MARK,Remark Media
MASI,Masimo
MAT,Mattel
MATR,Mattersight
MATW,Matthews International
MAYS,J. W. Mays
MBCN,Middlefield Banc Cor
MBFI,MB Financial
MBII,Marrone Bio Innovations
MBLX,Metabolix
MBRG,Middleburg Bank
MBTF,Monroe Bank and Trust
MBUU,Malibu Boats
MBWM,Mercantile Bank
MCBC,Macatawa Bank
MCBK,Madison County Bank
MCEP,Mid-Con Energy Partners
MCGC,MCG Capital
MCHP,Microchip Technology
MCHX,Marchex
MCOX,Mecox Lane Limited
MCRI,Monarch Casino & Resort
MCRL,Micrel
MCUR,Macrocure
MDAS,MedAssets
MDCA,M.D.C. Partners
MDCO,Medicines Company
MDLZ,Mondelez International
MDM,Mountain Province Diamonds
MDRX,Allscripts Healthcare Solutions
MDSO,Medidata Solutions
MDSY,ModSys International
MDVN,Medivation
MDVX,Medovex
MDWD,MediWound
MDXG,MiMedx Group
MEET,MeetMe
MEIL,Methes Energies
MEIP,Mei Pharma
MELA,Mela Sciences
MELI,MercadoLibre
MELR,Melrose Cooperative Bank
MEMP,Memorial Production Partners
MENT,Mentor Graphics
MEOH,Methanex
MERC,Mercer International
MERU,Meru Networks
METR,Metro Bank
MFLX,Multi-Fineline Electronix
MFNC,mBank
MFSF,MutualBank
MGCD,MGC Diagnostics
MGEE,MGE Energy
MGI,MoneyGram
MGIC,Magic Software Enterprises
MGLN,Magellan Health Services
MGNX,MacroGenics
MGPI,MGP Ingredients
MGRC,McGrath Rentcorp
MGYR,Magyar Bank
MHGC,Morgans Hotel Group
MHLDO,Maiden Holdings
MICT,Micronet Enertec Technologies
MIDD,Middleby
MIFI,Novatel Wireless
MIK,Michaels Companies
MIND,Mitcham Industries
MINI,Mobile Mini
MITK,Mitek Systems
MITL,Mitel Networks
MKSI,MKS Instruments
MKTO,Marketo
MKTX,MarketAxess
MLAB,Mesa Laboratories
MLHR,Herman Miller
MLNK,ModusLink Global Solutions
MLNX,Mellanox Technologies
MLVF,Malvern Federal Savings Bank
MMAC,MMA Capital Management
MMLP,Martin Midstream Partners
MMSI,Merit Medical Systems
MMYT,Makemytrip Limited
MNDO,Mind C.T.I.
MNGA,Magnegas
MNKD,Mannkind
MNOV,Medicinova
MNRK,Monarch Financial
MNRO,Monro Muffler Brake
MNST,Monster Beverage
MNTA,Momenta Pharmaceuticals
MNTX,Manitex
MOBI,Sky-Mobi
MOBL,MobileIron
MOCO,Mocon
MOFG,MidWestOne Bank
MOKO,Moko Social Media
MOLG,Mol Global
MOMO,Momo
MORN,Morningstar
MOSY,Mosys
MPAA,Motorcar Parts of America
MPB,Mid Penn Bank
MPEL,Melco Crown Entertainment Limited
MPET,Magellan Petroleum
MPWR,Monolithic Power Systems
MRCC,Monroe Capital
MRCY,Mercury Computer Systems
MRD,Memorial Resource Development
MRGE,Merge Healthcare
MRKT,Markit
MRLN,Marlin Business Services
MRNS,Marinus Pharmaceuticals
MRTN,Marten Transport
MRTX,Mirati Therapeutics
MRVL,Marvell
MSBF,Millington Savings Bank
MSCC,Microsemi
MSEX,Middlesex Water
MSFG,MainSource Bank
MSFT,Microsoft
MSG,Madison Square Garden
MSLI,Merus Labs
MSON,Misonix
MSTR,MicroStrategy
MTBC,Medical Transcription Billing
MTEX,Mannatech
MTLS,Materialise
MTRX,Matrix Service
MTSC,MTS Systems
MTSL,Mer Telemanagement Solutions
MTSN,Mattson Technology
MU,Micron
MVIS,Microvision
MWIV,MWI Veterinary Supply
MXIM,Maxim Integrated Products
MXWL,Maxwell Technologies
MYGN,Myriad Genetics
MYL,Mylan
MYOS,MYOS Corporation
MYRG,MYR Group
MZOR,Mazor Robotics
NAII,Natural Alternatives International
NAME,Rightside Group
NANO,Nanometrics
NATH,Nathan's Famous
NATI,National Instruments
NATL,National Interstate
NATR,Nature's Sunshine Products
NAUH,National American University
NAVG,Navigators Group
NAVI,Navient
NBBC,NewBridge Bank
NBIX,Neurocrine Biosciences
NBN,Northeast Bank
NBS,Neostem
NBTB,NBT Bancorp
NBTF,National Bank & Trust
NCIT,NCI, Inc.
NCLH,Norwegian Cruise Lines
NCMI,National Cinemedia
NCTY,The9 Limited
NDLS,Noodles & Company
NDRM,Neuroderm
NDSN,Nordson
NECB,Northeast Community Bank
NEO,Neogenomics
NEOG,Neogen
NEON,Neonode
NEOT,Neothetics
NEPT,Neptune Technologies & Bioresources
NERV,Minerva Neurosciences
NETE,Net Element
NEWP,Newport
NEWS,NewStar Financial
NEWT,Newtek Business Services
NFBK,Northfield Bank
NFEC,NF Energy Savings
NFLX,Netflix
NGHCP,National General
NHTC,Natural Health Trends
NICE,Nice-Systems Limited
NICK,Nicholas Financial
NILE,Blue Nile
NKTR,Nektar Therapeutics
NLNK,Newlink Genetics
NLST,Netlist
NMRX,Numerex
NNBR,NN
NPSP,NPS Pharmaceuticals
NRCIA,National Research
NRIM,Northrim Bank
NRX,Nephrogenex
NSEC,National Security Group
NSIT,Insight Enterprises
NSPH,Nanosphere
NSSC,Napco Security Technologies
NSTG,Nanostring Technologies
NSYS,Nortech Systems
NTAP,NetApp
NTCT,Netscout Systems
NTES,Netease
NTGR,Netgear
NTIC,Northern Technologies
NTK,Nortek
NTLS,NTELOS
NTRI,Nutrisystem
NTRS,Northern Trust
NTWK,Netsol Technologies
NUAN,Nuance Communications
NURO,Neurometrix
NUTR,Nutraceutical
NUVA,Nuvasive
NVAX,Novavax
NVCN,Neovasc
NVDA,Nvidia
NVDQ,Novadaq Technologies
NVEC,NVE
NVET,Nexvet Biopharma
NVFY,Nova Lifestyle
NVGN,Novogen
NVMI,Nova Measuring Instruments
NVSL,Naugatuck Valley Savings and Loan
NWBO,Northwest Biotherapeutics
NWFL,Wayne Bank
NWLI,National Western Life
NWPX,Northwest Pipe
NWS,News Corp
NXPI,NXP Semiconductors
NXST,Nexstar Broadcasting Group
NXTD,Nxt-ID
NXTM,Nxstage Medical
NYMT,New York Mortgage Trust
NYMX,Nymox Pharmaceutical
NYNY,Empire Resorts
OBAS,Optibase
OBCI,Ocean Bio-Chem
OCAT,Ocata Therapeutics
OCC,Optical Cable
OCFC,OceanFirst Bank
OCLR,Oclaro
OCLS,Oculus Innovative Sciences
OCRX,Ocera Therapeutics
OCUL,Ocular Therapeutix
ODFL,Old Dominion
ODP,Office Depot
OFED,Oconee Federal
OFIX,Orthofix
OFLX,Omega Flex
OFS,OFS Capital
OGXI,Oncogenex Pharmaceuticals
OHAI,NGP Capital Resources
OHGI,Intelligent Communication Enterprise
OHRP,Ohr Pharmaceutical
OIIM,O2Micro
OKSB,Bank SNB
OLED,Universal Display
OMAB,Grupo Aeroportuario Del Centro
OMCL,Omnicell
OMED,Oncomed Pharmaceuticals
OMER,Omeros
OMEX,Odyssey Marine Exploration
ONB,Old National Bank
ONCE,Spark Therapeutics
ONCY,Oncolytics Biotech
ONFC,Oneida Financial
ONNN,On Semiconductor
ONTX,Onconova Therapeutics
ONTY,Oncothyreon
ONVI,Onvia
OPB,Opus Bank
OPHC,Optimumbank
OPHT,Ophthotech
OPOF,Old Point National Bank
OPTT,Ocean Power Technologies
OPXA,Opexa Therapeutics
ORBC,ORBCOMM
ORBK,Orbotech
OREX,Orexigen Therapeutics
ORIG,Ocean Rig
ORIT,Oritani Bank
ORLY,O'Reilly Automotive
ORMP,Oramed Pharmaceuticals
ORPN,Bioblast Pharma
ORRF,Orrstown Bank
OSBC,Old Second National Bank
OSIR,Osiris Therapeutics
OSIS,OSI Systems
OSM,SLM
OSN,Ossen Innovation
OSTK,Overstock.com
OSUR,Orasure Technologies
OTEL,Otelco
OTEX,Open Text
OTIC,Otonomy
OTIV,On Track Innovations
OTTR,Otter Tail
OUTR,Outerwall
OVAS,Ovascience
OVBC,Ohio Valley Banc
OVLY,Oak Valley Community Bank
OVTI,Omnivision Technologies
OXFD,Oxford Immunotec
OXGN,Oxigene
OXLC,Oxford Lane Capital
OZRK,Bank of The Ozarks
PAAS,Pan American Silver
PACB,Pacific Biosciences of California
PACW,Pacific Western Bank
PAHC,Phibro Animal Health
PANL,Pangaea Logistics Solutions
PARN,Parnell Pharmaceuticals
PATI,New Patriot Transportation
PATK,Patrick Industries
PAYX,Paychex
PBCP,Polonia Bank
PBCT,People's United Bank
PBHC,Pathfinder Bank
PBIB,PBI Bank
PBIP,Prudential Savings Bank
PBMD,Prima Biomed
PBPB,Potbelly
PCAR,PACCAR
PCBK,Pacific Continental Corporation
PCCC,PC Connection
PCH,Potlatch
PCLN,Priceline.com
PCMI,PCM
PCO,Pendrell
PCOM,Points International
PCRX,Pacira Pharmaceuticals
PCTI,PC-Tel
PCTY,Paylocity
PCYC,Pharmacyclics
PCYG,Park City Group
PCYO,Pure Cycle
PDCE,PDC Energy
PDCO,Patterson Companies
PDEX,Pro-Dex
PDFS,PDF Solutions
PDII,PDI
PDLI,PDL Biopharma
PDVW,Pacific Datavision
PEBK,Peoples Bank of North Carolina
PEBO,Peoples Bancorp
PEGA,Pegasystems
PEGI,Pattern Energy Group
PEIX,Pacific Ethanol
PENN,Penn National Gaming
PENX,Penford
PERF,Perfumania
PERI,Perion Network
PERY,Perry Ellis
PESI,Perma-Fix Environmental
PETM,PetSmart
PETS,Petmed Express
PETX,Aratana Therapeutics
PFBC,Preferred Bank
PFBI,Premier Financial Bancorp
PFBX,The Peoples Bank
PFIE,Profire Energy
PFIN,P & F Industries
PFIS,Peoples Security Bank and Trust
PFMT,Performant Financial
PFPT,ProofPoint
PGC,Peapack-Gladstone Bank
PGNX,Progenics Pharmaceuticals
PHMD,PhotoMedex
PICO,PICO Holdings
PIH,1347 Property Insurance
PINC,Premier
PKBK,Parke Bank
PKOH,Park-Ohio
PKT,Procera Networks
PLAB,Photronics
PLAY,Dave and Buster's
PLBC,Plumas Bank
PLCE,The Children's Place
PLCM,Polycom
PLKI,Popeye's Louisiana Kitchen
PLNR,Planar Systems
PLPC,Preformed Line Products
PLPM,Planet Payment
PLUG,Plug Power
PLUS,EPlus
PLXS,Plexus
PMBC,Pacific Mercantile Bank
PMCS,PMC-Sierra
PMD,Psychemedics
PME,Pingtan Marine Enterprise
PMFG,PMFG
PNBK,Patriot National Bank
PNFP,Pinnacle Financial Partners
PNNT,PennantPark Investment
PNRA,Panera Bread
PNRG,PrimeEnergy
PNTR,Pointer Telocation
PODD,Insulet
POOL,Pool
POPE,Pope Resources
POWI,Power Integrations
POWL,Powell Industries
POZN,Pozen
PPBI,Pacific Premier Bank
PPC,Pilgrim's Pride
PPHM,Peregrine Pharmaceuticals
PPSI,Pioneer Power
PRAA,Portfolio Recovery Associates
PRAH,PRA Health Sciences
PRAN,Prana Biotechnology
PRCP,Perceptron
PRFT,Perficient
PRGN,Paragon Shipping
PRGS,Progress Software
PRGX,PRGX Global
PRIM,Primoris Services
PRKR,Parkervision
PRLS,Peerless Systems
PRMW,Primo Water
PROV,Provident Savings Bank
PRPH,Prophase Labs
PRQR,ProQR Therapeutics
PRSC,Providence Service
PRSN,Perseon
PRSS,CafePress
PRTA,Prothena Corporation
PRTK,Paratek Pharmaceuticals
PRTO,Proteon Therapeutics
PRTS,U.S. Auto Parts Network
PRXI,Premier Exhibitions
PRXL,Parexel
PSDV,PSivida
PSEC,Prospect Capital
PSEM,Pericom Semiconductor
PSIX,Power Solutions International
PSMT,PriceSmart
PSTB,Park Sterling Bank
PSTI,Pluristem Therapeutics
PSTR,PostRock Energy
PSUN,Pacific Sunwear
PTBI,PlasmaTech Biopharmaceuticals
PTC,PTCG
PTCT,PTC Therapeutics
PTEN,Patterson-UTI Energy
PTIE,Pain Therapeutics
PTLA,Portola Pharmaceuticals
PTNR,Partner Communications Company
PTNT,Internet Patents Corporation
PTRY,The Pantry
PTSI,P.A.M. Transportation Services
PTX,Pernix Therapeutics
PULB,Pulaski Bank
PVTB,PrivateBank and Trust
PWOD,Jersey Shore State Bank
PWRD,Perfect World
PWX,Providence and Worcester Railroad
PXLW,Pixelworks
PZZA,Papa John's
QADA,Qad Inc.
QBAK,Qualstar
QCOM,Qualcomm
QDEL,Quidel
QGEN,Qiagen
QIWI,Qiwi
QKLS,QKL Stores
QLGC,Qlogic
QLIK,Qlik Technologies
QLTI,QLT Inc.
QLTY,Quality Distribution
QLYS,Qualys
QNST,QuinStreet
QRHC,Quest Resource Holding
QRVO,Qorvo
QSII,Quality Systems
QTNT,Quotient
QTWW,Quantum Fuel Systems
QUIK,QuickLogic
QUMU,Qumu
QUNR,Qunar Cayman Islands Limited
QURE,UniQure
RADA,RADA Electronics Industries
RAIL,Freightcar America
RAND,Rand Capital
RARE,Ultragenyx Pharmaceutical
RAVE,Rave Restaurant Group
RAVN,Raven Industries
RBCAA,Republic Bancorp
RBCN,Rubicon Technology
RCII,Rent-A-Center
RCKY,Rocky Brands
RCMT,RCM Technologies
RCON,Recon Technology
RCPI,Rock Creek Pharmaceuticals
RCPT,Receptos
RDCM,Radcom
RDEN,Elizabeth Arden
RDHL,RedHill Biopharma
RDI,Reading International
RDNT,RadNet
RDUS,Radius Health
RDWR,Radware
RECN,Resources Connection
REDF,Rediff.com
REFR,Research Frontiers
REGI,Renewable Energy Group
REGN,Regeneron Pharmaceuticals
REIS,Reis
RELL,Richardson Electronics
RELV,Reliv International
REMY,Remy International
RENT,Rentrak
REPH,Recro Pharma
RESN,Resonant
REXI,Resource America
REXX,Rex Energy
RFIL,RF Industries
RGCO,RGC Resources
RGDO,Regado Biosciences
RGDX,Response Genetics
RGEN,Repligen
RGLD,Royal Gold
RGLS,Regulus Therapeutics
RGSE,Real Goods Solar
RIBT,RiceBran Technologies
RICK,RCI Hospitality
RIGL,Rigel Pharmaceuticals
RITT,RIT Technologies
RIVR,River Valley Financial Bank
RJET,Republic Airways
RLJE,RLJ Entertainment
RLOC,ReachLocal
RLOG,Rand Logistics
RLYP,Relypsa
RMBS,Rambus
RMCF,Rocky Mountain Chocolate Factory
RMTI,Rockwell Medical Technologies
RNA,Prosensa
RNET,RigNet
RNST,Renasant
RNWK,RealNetworks
ROBO,Robo-Stox
ROCK,Gibraltar Industries
ROIA,Radio One
ROIC,Retail Opportunity Investments
ROIQW,Everyware
ROKA,Roka Bioscience
ROLL,RBC Bearings
ROSE,Rosetta Resources
ROSG,Rosetta Genomics
ROST,Ross Stores
ROVI,Rovi
ROYL,Royale Energy
RP,RealPage
RPRX,Repros Therapeutics
RPTP,Raptor Pharmaceutical
RPXC,RPX
RRD,R.R. Donnelley & Sons
RRGB,Red Robin
RRM,RR Media
RRST,RRSat Global Communications Network
RSTI,Rofin-Sinar Technologies
RSYS,Radisys
RTGN,Ruthigen
RTIX,RTI Surgical
RTK,Rentech
RTRX,Retrophin
RUSHA,Rush Enterprises
RUTH,Ruth's Hospitality Group
RVBD,Riverbed Technology
RVLT,Nexxus Lighting
RVNC,Revance Therapeutics
RVSB,Riverview Community Bank
RWLK,Rewalk Robotics
RXDX,Ignyta
RXII,RXi Pharmaceuticals
RYAAY,RyanAir
SAAS,Incontact
SABR,Sabre
SAEX,SAExploration
SAFM,Sanderson Farms
SAFT,Safety Insurance Group
SAGE,Sage Therapeutics
SAIA,Saia
SAJA,Sajan
SAL,Salisbury Bank and Trust
SALE,RetailMeNot
SALM,Salem Communications
SAMG,Silvercrest Asset Management
SANM,Sanmina
SANW,S&W Seed
SASR,Sandy Spring Bank
SATS,Echostar
SAVE,Spirit Airlines
SBAC,SBA Communications
SBBX,Sussex Bank
SBCF,Seacoast Banking Corporation of Florida
SBCP,Sunshine State Bank
SBFG,SB Financial
SBGI,Sinclair Broadcast Group
SBLK,Star Bulk Carriers
SBNY,Signature Bank
SBSA,Spanish Broadcasting System
SBUX,Starbucks
SCAI,Surgical Care Affiliates
SCHL,Scholastic
SCHN,Schnitzer Steel
SCLN,SciClone Pharmaceuticals
SCMP,Sucampo Pharmaceuticals
SCON,Superconductor Technologies
SCOR,ComScore
SCSC,ScanSource
SCSS,Select Comfort
SCTY,Solarcity
SCVL,Shoe Carnival
SCYX,Scynexis
SEAC,SeaChange International
SEED,Origin Agritech
SEIC,SEI Investments
SEMI,SunEdison Semiconductor
SENEA,Seneca Foods
SEV,Sevcon
SFBC,Sound Financial
SFLY,Shutterfly
SFM,Sprouts Farmers Market
SFNC,Simmons First National
SFXE,Sfx Entertainment
SGBK,Stonegate Bank
SGC,Superior Uniform Group
SGEN,Seattle Genetics
SGI,Silicon Graphics
SGMA,SigmaTron International
SGMO,Sangamo Biosciences
SGMS,Scientific Games
SGNL,Signal Genetics
SGNT,Sagent Pharmaceuticals
SGOC,SGOCO
SGRP,Spar Group
SGYP,Synergy Pharmaceuticals
SHEN,Shenandoah Telecommunications
SHIP,Seanergy Maritime
SHLD,Sears
SHLM,A. Schulman
SHLO,Shiloh Industries
SHOO,Steven Madden
SHOR,Shoretel
SHOS,Sears Hometown
SIAL,Sigma-Aldrich
SIBC,State Investors Bank
SIEB,Muriel Siebert & Co.
SIEN,Sientra
SIFI,Savings Institute Bank & Trust
SIFY,Sify Technologies Limited
SIGA,Siga Technologies
SIGI,Selective Insurance Group
SIGM,Sigma Designs
SILC,Silicom
SIMG,Silicon Image
SIMO,Silicon Motion Technology
SINA,Sina
SINO,Sino-Global Shipping America
SIRI,Sirius XM
SIRO,Sirona Dental Systems
SIVB,Silicon Valley Bank
SIXD,6D Global Technologies
SKBI,Skystar Bio-pharm
SKIS,Peak Resorts
SKUL,Skullcandy
SKYS,Sky Solar
SKYW,Skywest
SLAB,Silicon Laboratories
SLCT,Select Bank & Trust
SLGN,Silgan
SLP,Simulations Plus
SLRC,Solar Capital
SLTC,Selectica
SLTD,Solar3D
SLXP,Salix Pharmaceuticals
SMBC,Southern Missouri Savings Bank
SMCI,Super Micro Computer
SMED,Sharps Compliance
SMIT,Schmitt Industries
SMLR,Semler Scientificg
SMMF,Summit Financial Group
SMMT,Summit Therapeutics
SMPL,Kaiser Federal Financial Group
SMRT,Stein Mart
SMSI,Smith Micro Software
SMT,Smart Technologies
SMTC,Semtech
SMTP,Smtp
SMTX,Smtc
SNAK,Inventure Foods
SNBC,Sun National Bank
SNC,State National Companies
SNCR,Synchronoss Technologies
SNDK,SanDisk
SNFCA,Security National Financial
SNHY,Sun Hydraulics
SNMX,Senomyx
SNPS,Synopsys
SNSS,Sunesis Pharmaceuticals
SNTA,Synta Pharmaceuticals
SOCB,Southcoast Community Bank
SODA,SodaStream
SOFO,Sonic Foundry
SOHO,Sotherly Hotels
SOHU,Sohu.com
SONA,Sonabank
SONC,Sonic
SONS,Sonus Networks
SORL,SORL Auto Parts
SP,SP Plus
SPAN,Span-America Medical Systems
SPAR,Spartan Motors
SPCB,SuperCom
SPDC,Speed Commerce
SPEX,Spherix
SPHS,Sophiris Bio
SPIL,Siliconware Precision Industries
SPKE,Spark Energy
SPLK,Splunk
SPLS,Staples
SPNC,The Spectranetics
SPNS,Sapiens
SPOK,Spok Holdings
SPPI,Spectrum Pharmaceuticals
SPPR,Supertel Hospitality
SPRO,SmartPros
SPRT,Support.com
SPSC,SPS Commerce
SPTN,Spartan Stores
SPU,SkyPeople Fruit Juice
SPWH,Sportsman's Warehouse
SPWR,Sunpower
SQBG,Sequential Brands Group
SQBK,Square 1 Bank
SQI,SciQuest
SQNM,Sequenom
SRCE,1st Source
SRCL,Stericycle
SRDX,Surmodics
SREV,ServiceSource
SRNE,Sorrento Therapeutics
SRPT,Sarepta Therapeutics
SRSC,Sears Canada
SSB,South State Corporation
SSBI,Summit State Bank
SSFN,Atlantic Stewardship Bank
SSH,Sunshine Heart
SSNC,SS&C Technologies
SSRG,Symmetry Surgical
SSRI,Silver Standard Resources
SSYS,Stratasys
STAA,Staar Surgical
STB,Student Transportation
STBA,S&T Bank
STBZ,State Bank & Trust Company
STCK,Stock Building Supply
STEM,Stemcells
STFC,State Auto Financial
STKL,Sunopta
STLD,Steel Dynamics
STLY,Stanley Furniture
STML,Stemline Therapeutics
STMP,Stamps.com
STNR,Steiner Leisure Limited
STRA,Strayer Education
STRL,Sterling Construction
STRM,Streamline Health Solutions
STRN,Sutron
STRS,Stratus Properties
STRT,Strattec Security
STRZA,Starz
STX,Seagate
STXS,Stereotaxis
SUBK,Suffolk County National Bank
SUMR,Summer Infant
SUNS,Solar Senior Capital
SUPN,Supernus Pharmaceuticals
SURG,Synergetics USA
SUTR,Sutor Technology Group
SVA,Sinovac Biotech
SVBI,Severn Savings Bank
SWHC,Smith & Wesson
SWIR,Sierra Wireless
SWKS,Skyworks Solutions
SWSH,Swisher Hygiene
SYBT,Stock Yards Bank & Trust
SYKE,Sykes Enterprises
SYMC,Symantec
SYMX,Synthesis Energy Systems
SYNA,Synaptics
SYNC,Synacor
SYNL,Synalloy
SYNT,Syntel
SYPR,Sypris Solutions
SYRX,Sysorex
SYUT,Synutra
SZMK,Sizmek
SZYM,Solazyme
TACT,Transact Technologies
TAIT,Taitron Components
TASR,Taser International
TAST,Carrols Restaurant Group
TATT,Tat Technologies
TAX,JTH Holding
TAXI,Medallion Financial
TAYD,Taylor Devices
TBBK,The Bancorp Bank
TBIO,Transgenomic
TBK,Triumph Bancorp
TBNK,Territorial Savings Bank
TBPH,Theravance Biopharma
TCBIP,Texas Capital
TCCO,Technical Communications
TCFC,Community Bank of the Chesapeake
TCON,Tracon Pharmaceuticals
TCPC,TCP Capital
TCX,Tucows
TEAR,Tearlab
TECD,Tech Data
TECH,Bio-Techne
TECU,Tecumseh Products
TEDU,Tarena International
TENX,Tenax Therapeutics
TERP,Terraform Powerg
TESO,Tesco
TESS,Tessco Technologies
TFM,The Fresh Market
TFSC,1347 Capital
TFSL,Toyota Financial Services
TGA,Transglobe Energy
TGEN,Tecogen
TGLS,Tecnoglass
TGTX,TG Therapeutics
THLD,Threshold Pharmaceuticals
THOR,Thoratec
THRM,Gentherm
THRX,Theravance
THST,Truett-Hurst
THTI,Tht Heat Transfer Technology
TICC,TICC Capital
TIGR,TigerLogic
TILE,Interface
TINY,Harris & Harris
TIPT,Tiptree Financial
TISA,Top Image Systems
TITN,Titan Machinery
TIVO,Tivo
TKAI,Tokai Pharmaceuticals
TKMR,Tekmira Pharmaceuticals
TLF,Tandy Leather Factory
TLMR,Talmer Bank and Trust
TLOG,Tetralogic Pharmaceuticals
TNAV,Telenav
TNDM,Tandem Diabetes Care
TNGO,Tangoe
TOPS,Top Ships
TORM,Tor Minerals
TOUR,Tuniu
TOWN,Towne Bank
TRAK,Dealertrack
TRCB,Two River Community Bank
TRCH,Torchlight Energy Resources
TREE,Tree.com
TRGT,Targacept
TRIB,Trinity Biotech
TRIL,Trillium Therapeutics
TRIP,TripAdvisor
TRIV,Trivascular Technologies
TRMB,Trimble Navigation
TRMK,Trustmark
TRNS,Transcat
TRNX,Tornier
TROV,Trovagene
TROW,T. Rowe Price Group
TRS,Trimas
TRST,Trustco Bank
TRUE,Truecar
TRVN,Trevena
TSBK,Timberland Bank
TSC,Tristate Capital
TSCO,Tractor Supply
TSEM,Tower Semiconductor
TSLA,Tesla
TSRA,Tessera Technologies
TSRE,Trade Street Residential
TSRO,Tesaro
TST,TheStreet.com
TSYS,Telecommunication Systems
TTEC,TeleTech
TTEK,Tetra Tech
TTGT,TechTarget
TTHI,Transition Therapeutics
TTMI,TTM Technologies
TTOO,T2 Biosystems
TTPH,Tetraphase Pharmaceuticals
TTS,Tile Shop
TTWO,Take-Two Interactive
TUBE,TubeMogul
TUES,Tuesday Morning
TUTT,Tuttle Tactical Management
TWER,Towerstream
TWIN,Twin Disc
TWMC,Trans World Entertainment
TWOU,2U
TXN,Texas Instruments
TXRH,Texas Roadhouse
TYPE,Monotype Imaging
TZOO,Travelzoo
UACL,Universal Truckload Services
UBCP,The Citizens Savings Bank
UBIC,UBIC
UBNK,United Financial Credit Union
UBNT,Ubiquiti Networks
UCBI,United Community Banks
UCTT,Ultra Clean
UEIC,Universal Electronics
UEPS,Net1
UFCS,United Fire Group
UFPI,Universal Forest Products
UFPT,UFP Technologies
UG,United-Guardian
UHAL,Amerco
UIHC,United Insurance Hld
ULBI,Ultralife
ULTA,Ulta Salon Cosmetics & Fragrance
ULTI,The Ultimate Software Group
ULTR,Ultrapetrol
UMBF,UMB Financial
UMPQ,Umpqua Bank
UNAM,Unico American
UNFI,United Natural Foods
UNIS,Unilife
UNTD,United Online
UNTY,Unity Bank
UNXL,Uni-Pixel
UPI,Uroplasty
UPIP,Unwired Planet
UPLD,Upland Software
URBN,Urban Outfitters
URRE,Uranium Resources
USAK,USA Truck
USAP,Universal Stainless & Alloy Products
USAT,USA Technologies
USCR,US Concrete
USEG,US Energy
USLM,United States Lime & Minerals
USMD,USMD Health
USTR,United Stationers
UTEK,Ultratech
UTHR,United Therapeutics
UTIW,Uti Worldwide
UTMD,Utah Medical Products
UTSI,Ustarcom
UVSP,Univest Corporation of Pennsylvania
VA,Virgin America
VALU,Value Line
VASC,Vascular Solutions
VBFC,Village Bank and Trust
VBIV,VBI Vaccines
VBLT,Vascular Biogenics
VBTX,Veritex
VCEL,Vericel
VCYT,Veracyte
VDSI,Vasco Data Security
VECO,Veeco Instruments
VGGL,Viggle
VIA,Viacom
VIAS,Viasystems Group
VICL,Vical
VICR,Vicor
VIDE,Video Display
VIEW,Viewtran Group
VIMC,Vimicro
VIRC,Virco Manufacturing
VISN,Visionchina Media
VIVO,Meridian Bioscience
VLCCF,Knightsbridge Tankers
VLGEA,Village Super Market
VLTC,Voltari
VLYWW,Valley National Bank
VNDA,Vanda Pharmaceuticals
VNET,21Vianet
VNOM,Viper Energy Partners
VNR,Vanguard Natural Resources
VOD,Vodafone Group
VOLC,Volcano
VOXX,Audiovox
VPCO,Vapor Corp
VRA,Vera Bradley
VRML,Vermillion
VRNG,Vringo
VRNS,Varonis Systems
VRNT,Verint Systems
VRSK,Verisk Analytics
VRSN,VeriSign
VRTA,Vestin Realty Mortgage
VRTS,Virtus Investment Partners
VRTU,Virtusa
VRTX,Vertex Pharmaceuticals
VSAR,Versartis
VSAT,Viasat
VSCI,Vision-Sciences
VSCP,VirtualScopics
VSEC,VSE
VSTM,Verastem
VTAE,Vitae Pharmaceuticals
VTL,Vital Therapies
VTNR,Vertex Energy
VTSS,Vitesse
VUZI,Vuzix
VVUS,Vivus
VWR,VWR Corporation
VYFC,Valley Financial
WABC,WestAmerica Bank
WAFD,Washington Federal
WASH,The Washington Trust
WATT,Energous Corporation
WAVX,Wave Systems
WB,Weibo
WBA,Walgreens Boots Alliance
WBB,Westbury Bank
WBKC,Wolverine Bank
WBMD,WebMD
WDC,Western Digital
WDFC,WD-40
WEBK,Wellesley Bank
WEN,Wendy's
WERN,Werner Enterprises
WETF,Wisdomtree Investments
WEYS,Weyco Group
WFBI,WashingtonFirst Bank
WFD,Westfield Bank
WFM,Whole Foods Market
WGBS,Wafergen Bio-Systems
WHF,Whitehorse Finance
WHLM,Wilhemina International
WHLR,Wheeler Real Estate Investment
WIBC,Wilshire Bank
WIFI,Boingo Wireless
WILC,Willi Food
WILN,Wi-LAN
WIN,Windstream
WINA,Winmark
WIRE,Encore Wire
WIX,Wix.com
WLB,Westmoreland Coal
WLDN,Willdan Group
WLFC,Willis Lease Finance
WMAR,West Marine
WMGI,Wright Medical Group
WOOF,VCA Antech
WPCS,WPCS International
WPPGY,WPP
WPRT,Westport Innovations
WRES,Warren Resources
WRLD,World Acceptance
WSBC,WesBanco
WSBF,WaterStone Bank
WSCI,WSI Industries
WSFS,WSFS Bank
WSTC,West Corporation
WSTG,Wayside Technology Group
WSTL,Westell Technologies
WTBA,West Bank
WTFC,Wintrust
WVFC,West View Savings Bank
WVVI,Willamette Valley Vineyards
WWD,Woodward
WWWW,Web.com
WYNN,Wynn Resorts
XCRA,Xcerra
XENE,Xenon Pharmaceuticals
XENT,Intersect ENT
XGTI,XG Technology
XLNX,Xilinx
XLRN,Acceleron
XNCR,Xencor
XNET,Xunlei
XNPT,Xenoport
XOMA,Xoma
XONE,Exone
XOOM,Xoom
XPLR,Xplore Technologies
XRAY,Dentsply
XTLB,XTL Biopharma
XXIA,IXIA
YDLE,Yodlee
YHOO,Yahoo!
YNDX,Yandex
YOD,You On Demand
YORW,The York Water Company
YRCW,YRC Worldwide
YY,YY
Z,Zillow
ZAGG,Zagg
ZAZA,Zaza Energy
ZBRA,Zebra Technologies
ZEUS,Olympic Steel
ZFGN,Zafgen
ZGNX,Zogenix
ZHNE,Zhone Technologies
ZINC,Horsehead
ZION,Zions Bancorporation
ZIOP,Ziopharm Oncology
ZIXI,Zix
ZLTQ,Zeltiq Aesthetics
ZN,Zion Oil & Gas
ZNGA,Zynga
ZSAN,Zosano Pharma
ZSPH,ZS Pharma
ZU,Zulily
ZUMZ,Zumiez
