A,Agilent Technologies
AA,Alcoa
AAC,AAC Holdings
AAN,Aaron's
AAP,Advance Auto Parts
AAV,Advantage Oil & Gas
AB,Alliance Capital Management
ABB,ABB
ABBV,AbbVie
ABC,AmerisourceBergen
ABEV,Ambev
ABG,Asbury Automotive Group
ABM,ABM Industries
ABT,Abbott Laboratories
ABX,Barrick Gold
ACC,American Campus Communities
ACCO,ACCO Brands
ACE,ACE Limited
ACH,Aluminum Corporation of China
ACI,Arch Coal
ACM,AECOM Technology
ACN,Accenture
ACP,Avenue Income Credit Strategies
ACT,Actavis
ACW,Accuride
ADM,Archer Daniels Midland
ADPT,Adeptus Health
ADS,Alliance Data Systems
ADT,ADT
ADX,Adams Express
AEE,Ameren
AEB,AEGON
AEM,Agnico-Eagle Mines
AEO,American Eagle Outfitters
AEP,American Electric Power
AER,AerCap
AES,The AES Corporation
AET,Aetna
AF,Astoria Financial
AFB,Alliance National Municipal
AFC,Allied Capital
AFG,American Financial Group
AFL,Aflac
AG,First Majestic Silver
AGCO,AGCO
AGI,Alamos Gold
AGN,Allergan
AGO,Assured Guaranty
AGRO,Adecoagro
AGU,Agrium
AGX,Argan
AHC,A.H. Belo
AHH,Armada Hoffler
AHL,Aspen Insurance
AHP,Ashford Hospitality Prime
AHS,AMN Healthcare Services
AI,Arlington Asset Investment
AIG,American International Group
AIN,Albany International
AIR,AAR
AIT,Applied Industrial Technologies
AIV,Apartment Investment and Management
AIZ,Assurant
AJG,Arthur J. Gallagher & Co.
AJX,Great Ajax Corp.
AKO.A,Embotelladora Andina
AKS,AK Steel
AL,Air Lease Corporation
ALB,Albemarle
ALDW,Alon USA Partners
ALE,Allete
ALEX,Alexander and Baldwin
ALG,Alamo Group
ALJ,Alon USA Energy
ALK,Alaska Air
ALL,Allstate
ALLE,Allegion
ALLY,Ally Financial
ALP,Alabama Power
ALR,Alere
ALSN,Allison Transmission
ALU,Alcatel Lucent
ALV,Autoliv
ALX,Alexander's
AM,Antero Resources Midstream
AMBR,Amber Road
AMC,AMC Entertainment
AME,Amtek
AMFW,Amec Foster Wheeler
AMG,Affiliated Managers Group
AMH,American Homes 4 Rent
AMID,American Midstreampartners
AMP,Ameriprise Financial
AMRC,Ameresco
AMT,American Tower
AMTD,TD Ameritrade
AMX,America Movil
AN,AutoNation
ANET,Arista Networks
ANF,Abercrombie & Fitch
ANFI,Amira Nature Foods
ANN,ANN
ANR,Alpha Natural Resources
ANTM,Anthem
ANW,Aegean Marine Petroleum Network
AOI,Alliance One International
AOL,AOL
AON,AON
AOS,A.O. Smith
AP,Ampco-Pittsburgh
APA,Apache
APAM,Artisan Partners Asset Manageme
APC,Anadarko Petroleum
APD,Air Products and Chemicals
APH,Amphenol
APL,Atlas Pipeline Partners
APO,Apollo Global Management
APU,AmeriGas Partners
AR,Antero Resources
ARC,American Reprographics
ARCO,Arcos Dorados
ARCX,Arc Logistics Partners
ARDC,Ares Dynamic Credit Allocation
ARES,Ares Management
ARG,Airgas
ARMK,Aramark
ARO,Aeropostale
ARP,Atlas Resource Partners
ARPI,American Residential Properties
ARR,Armour Residential
ARU,Ares Capital
ARW,Arrow Electronics
ASA,ASA Gold and Precious Metals
ASB,Associated Banc-Corp
ASC,Ardmore Shipping
ASGN,On Assignment
ASH,Ashland
ASPN,Aspen Aerogels
ASR,Grupo Aeroportuario Del Sureste
ASX,Advanced Semiconductor Engineering
AT,Atlantic Power
ATE,Advantest Corporation
ATEN,A10 Networks
ATHM,Autohome
ATI,Allegheny Technologies
ATLS,Atlas Energy
ATO,Atmos Energy
ATR,Aptargroup
ATTO,Atento
ATU,Actuant
ATV,Acorn International
ATW,Atwood Oceanics
AU,AngloGold Ashanti
AUO,AU Optronics
AUQ,Aurico Gold
AUY,Yamana Gold
AV,Aviva
AVA,Avista
AVAL,Grupo Aval Acciones y Valores
AVB,Avalonbay Communities
AVD,American Vanguard
AVG,AVG Technologies 
AVH,Avianca
AVOL,Avolon
AVP,Avon Products
AVT,Avnet
AVX,AVX
AVY,Avery Dennison
AWH,Allied World Assurance
AWI,Armstrong World Industries
AWK,American Water Works
AWR,American States Water
AXE,Anixter
AXL,American Axle & Manufacturing
AXLL,Georgia Gulf
AXP,American Express
AXR,AMREP
AXS,Axis Capital
AXTA,Axalta Coating Systems
AYI,Acuity Brands
AYN,Alliance New York Muni
AYR,Aircastle
AZN,AstraZeneca
AZO,AutoZone
AZZ,AZZ
B,Barnes Group
BA,Boeing
BABA,Alibaba
BAC,Bank of America
BAH,Booz Allen Hamilton
BAK,Braskem
BALT,Baltic Trading
BAM,Brookfield Asset Management
BANC,Banc of California
BAP,Credicorp
BAS,Basic Energy Services
BAX,Baxter International
BBD,Banco Bradesco
BBG,Bill Barrett
BBT,BB&T
BBVA,Banco Bilbao Viscaya Argentaria
BBW,Build-A-Bear Workshop
BBX,BBX Capital
BBY,Best Buy
BC,Brunswick
BCA,CorpBanca
BCC,Boise Cascade
BCE,BCE
BCEI,Bonanza Creek Energy
BCH,Banco De Chile
BCO,Brink's
BCR,C.R. Bard
BCS,Barclays
BDC,Belden
BDX,"Becton, Dickinson and Company"
BEE,Strategic Hotels & Resorts
BEL,Belmond
BEN,Franklin Resources
BEP,Brookfield Renewable
BERY,Berry Plastics Group
BF.A,Brown Forman
BFAM,Bright Horizons
BFS,Saul Centers
BG,Bunge Limited
BGC,General Cable
BGCA,Bgc Partners
BGG,Briggs & Stratton
BGS,B&G Foods
BH,Biglari
BHE,Benchmark Electronics
BHI,Baker Hughes
BHLB,Berkshire Hills Bancorp
BHP,BHP Billiton
BID,Sotheby's
BIG,Big Lots
BIN,Progressive Waste Solutions
BIO,Bio-Rad Laboratories
BIOA,BioAmber
BIP,Brookfield Infrastructure Partners
BITA,BitAuto
BK,Bank of New York Mellon
BKD,Brookdale Senior Living
BKE,Buckle
BKH,Black Hills
BKS,Barnes & Noble
BKU,BankUnited
BLK,BlackRock
BLL,Ball
BLOX,Infoblox
BLT,Blount International
BLX,Banco Latinoamericano De Comercio
BMA,Banco Macro
BMI,Badger Meter
BMO,Bank of Montreal
BMS,Bemis
BMY,Bristol-Myers Squibb
BNK,C1 Financial
BNS,Bank of Nova Scotia
BOH,Bank of Hawaii
BOOT,Boot Barn
BORN,China New Borun
BOX,Box
BOXC,Brookfield Canada Office Properties
BP,BP
BPI,Bridgepoint Education
BPL,Buckeye Partners
BPY,Brookfield Property Partners
BPZ,BPZ Resources
BR,Broadridge Financial Solutions
BRC,Brady
BRFS,BRF-Brasil Foods
BRK.A,Berkshire Hathaway
BRO,Brown & Brown
BRP,Brookfield Residential Properties
BRS,Bristow Group
BRSS,Global Brass and Copper
BRX,Brixmor Property Group
BSAC,Banco Santander-Chile
BSBR,Banco Santander-Brasil
BSI,Alon Blue Square Israel
BSMX,Grupo Financiero Santander Mexico
BSX,Boston Scientific
BT,BT Group
BTE,Baytex Energy
BTH,Blyth
BTU,Peabody Energy
BUD,Anheuser-Busch InBev
BURL,Burlington Stores
BVN,Compania Mina Buenaventura
BWA,Borgwarner
BWC,Babcock & Wilcox
BWP,Boardwalk Pipeline Partners
BWS,Brown Shoe
BX,The Blackstone Group
BXC,Bluelinx
BXE,Bellatrix Exploration
BXP,Boston Properties
BXS,BancorpSouth Bank
BYD,Boyd Gaming
BZH,Beazer Homes
C,Citigroup
CAB,Cabela's
CACI,CACI International
CAE,CAE
CAG,ConAgra Foods
CAH,Cardinal Health
CAJ,Canon
CALX,Calix
CAM,Cameron International
CAP,CAI International
CAPL,CrossAmerica Partners
CAS,A.M. Castle & Co.
CAT,Caterpillar
CATO,The Cato Corporation
CB,Chubb
CBA,ClearBridge American Energy
CBB,Cincinnati Bell
CBD,Companhia Brasileira De Distribuicao
CBG,CBRE Group
CBI,Chicago Bridge & Iron Company 
CBK,Christopher & Banks
CBL,CBL & Associates Properties
CBM,Cambrex
CBPX,Continental Building Products
CBR,Ciber
CBS,CBS
CBT,Cabot
CBU,Community Bank System
CBZ,CBIZ
CCC,Calgon Carbon
CCE,Coca-Cola Enterprises
CCG,Campus Crest Communities
CCI,Crown Castle International
CCJ,Cameco
CCK,Crown Cork & Seal
CCL,Carnival
CCM,Concord Medical Services
CCO,Clear Channel Outdoor
CCS,Century Communities
CCSC,Country Style Cooking
CCU,Compania Cervecerias Unidas
CDE,Coeur D'Alene Mines
CDI,CDI
CDR,Cedar Shopping Centers
CE,Celanese
CEA,China Eastern Airlines
CEB,The Corporate Executive Board
CEL,Cellcom Israel
CELP,Cypress Energy Partners
CEN,Center Coast MLP & Infrastructure
CEO,CNOOC Limited
CEQP,Crestwood Equity Partners
CF,CF Industries
CFG,Citizens Financial Group
CFI,Culp
CFN,CareFusion
CFR,Cullen/Frost Bankers
CFX,Colfax
CGA,China Green Agriculture
CGG,Compagnie Générale de Géophysique
CGI,Celadon Group
CHA,China Telecom
CHD,Church & Dwight
CHE,Chemed
CHGG,Chegg
CHH,Choice Hotels
CHK,Chesapeake Energy
CHL,China Mobile
CHMT,Chemtura
CHS,Chico's
CHT,Chunghwa Telecom
CHU,China Unicom
CI,Cigna
CIA,Citizens
CIB,Bancolombia
CIE,Cobalt International Energy
CIEN,Ciena
CIG,Companhia Energética de Minas Gerais
CIM,Chimera Investment
CIR,CIRCOR International
CIT,CIT Group
CIVI,Civitas Solutions
CJES,C&J Energy Services
CKH,Seacor
CKP,Checkpoint Systems
CL,Colgate-Palmolive
CLA,Capitala Finance
CLB,Core Laboratories 
CLC,CLARCOR
CLD,Cloud Peak Energy
CLF,Cliffs Natural Resources
CLGX,Corelogic
CLH,Clean Harbors
CLNY,Colony Financial
CLR,Continental Resources
CLS,Celestica
CLW,Clearwater Paper
CLX,Clorox
CM,Canadian Imperial Bank of Commerce
CMA,Comerica
CMC,Commercial Metals
CMCM,Cheetah Mobile
CMG,Chipotle Mexican Grill
CMI,Cummins
CMLP,Crestwood Midstream Partners
CMN,Cantel Medical
CMP,Compass Minerals Intl
CMRE,Costamare
CMS,CMS Energy
CNA,CNA Financial
CNC,Centene
CNCO,Cencosud
CNHI,CNH Industrial 
CNI,Canadian National Railway
CNK,Cinemark
CNL,Cleco Power
CNNX,Cone Midstream Partners
CNO,CNO Financial Group
CNP,CenterPoint Energy
CNQ,Canadian Natural Resources
CNS,Cohn & Steers
CNW,Con-Way
CNX,CONSOL Energy
CO,China Cord Blood
CODE,Spansion
CODI,Compass Diversified
COF,Capital One Financial
COG,Cabot Oil & Gas
COH,Coach
COL,Rockwell Collins
COO,Cooper Companies
COP,ConocoPhillips
COT,Cott
COTY,Coty
COUP,Coupons.com
CP,Canadian Pacific Railway
CPA,Copa Holdings
CPAC,Cementos Pacasmayo
CPB,Campbell Soup
CPE,Callon Petroleum
CPF,Central Pacific Financial
CPG,Crescent Pt Energy
CPK,Chesapeake Utilities
CPL,CPFL Energia
CPN,Calpine
CPPL,Columbia Pipeline Partners
CPS,Cooper Standard
CR,Crane
CRC,California Resources Corporation
CRCM,Care.com
CRD.A,Crawford & Company
CRH,CRH plc
CRI,Carter's
CRK,Comstock Resources
CRL,Charles River Laboratories
CRM,Salesforce.com
CRR,Carbo Ceramics
CRS,Carpenter Technology
CRY,Cryolife
CS,Credit Suisse
CSC,Computer Sciences
CSG,Chambers Street Properties
CSH,Cash America
CSL,Carlisle Companies
CSLT,Castlight Health
CSS,CSS Industries
CST,CST Brands
CSTM,Constellium 
CSU,Capital Senior Living
CSV,Carriage Services
CSX,CSX
CTB,Cooper Tire & Rubber
CTL,CenturyLink
CTLT,Catalent
CTQ,Qwest
CTS,CTS Corporation
CUB,Cubic
CUBE,Cubesmart
CUBI,Customers Bank
CUDA,Barracuda Networks
CUZ,Cousins Properties
CVA,Covanta Holding
CVC,Cablevision Systems
CVD,Covance
CVE,Cenovus Energy
CVEO,Civeo
CVG,Convergys
CVI,Cvr Energy
CVO,Cenveo
CVRR,Cvr Refining
CVS,CVS Caremark
CVT,Cvent
CVX,Chevron
CW,Curtiss-Wright
CWEI,Clayton Williams Energy
CWT,California Water Service Group Holding
CX,Cemex
CXO,Concho Resources
CXW,Corrections Corporation of America
CYD,China Yuchai International
CYH,Community Health Systems
CYN,City National
CYNI,Cyan
CYS,CYS Investments
CYT,Cytec Industries
CZZ,Cosan Limited
D,Dominion Resources
DAC,Danaos
DAL,Delta Air Lines
DAN,Dana Holding
DANG,E-Commerce China Dangdang
DAR,Darling International
DATA,Tableau Software
DB,Deutsche Bank
DBD,Diebold
DBL,Doubleline Opportunistic Credit
DCI,Donaldson
DCM,NTT DOCOMO
DCO,Ducommun
DD,DuPont
DDC,Dominion Diamond
DDD,3D Systems
DDE,Dover Downs Gaming & Entertainment
DDS,Dillard's
DE,Deere
DEA,Easterly Government Properties
DECK,Deckers Outdoor
DEG,Etablissements Delhaize Freres
DEI,Douglas Emmett
DEL,Deltic Timber
DEO,Diageo
DEX,Delaware Enhanced Global Dividend
DF,Dean Foods
DFS,Discover Financial Services
DFT,Dupont Fabros Technology
DG,Dollar General
DGI,Digitalglobe
DGX,Quest Diagnostics
DHI,D.R. Horton
DHR,Danaher
DHT,DHT Holdings
DHX,Dice
DIN,DineEquity
DIS,Walt Disney
DKL,Delek Logistics Partners
DKS,Dick's Sporting Goods
DL,China Distance Education
DLB,Dolby Laboratories
DLNG,Dynagas Lng Partners
DLPH,Delphi Automotive
DLX,Deluxe
DM,Dominion Midstream Partners
DMD,Demand Media
DNB,Dun & Bradstreet
DNOW,NOW Inc.
DNR,Denbury Resources
DO,Diamond Offshore Drilling
DOOR,Masonite
DOV,Dover
DOW,Dow Chemical
DPLO,Diplomat Pharmacy
DPM,DCP Midstream Partners
DPS,Dr. Pepper Snapple Group
DPZ,Domino's Pizza
DQ,Daqo New Energy
DRC,Dresser-Rand Group
DRD,DRDGOLD Limited
DRH,Diamondrock Hospitality
DRI,Darden Restaurants
DRII,Diamond Resorts
DRL,Doral Financial
DRQ,Dril-Quip
DST,DST Systems
DSW,DSW Shoes
DSX,Diana Shipping
DTE,DTE Energy
DUK,Duke Energy
DV,DeVry
DVA,DaVita HealthCare Partners
DVD,Dover Downs Entertainment
DVN,Devon Energy
DW,Drew Industries
DWRE,Demandware
DX,Dynex Capital
DY,Dycom Industries
DYN,Dynegy
E,Eni S.P.A.
EAT,Brinker International
EBF,Ennis
EBR,Centrais Elétricas Brasileiras
EBS,Emergent Biosolutions
EC,Ecopetrol
ECA,Encana
ECC,Eagle Point Credit Co.
ECL,Ecolab
ECOM,Channeladvisor
ECR,Eclipse Resources
ED,Consolidated Edison
EDE,Empire District Electric
EDN,Empresa Distribuidora y Comercializadora
EDU,New Oriental Education & Technology Group
EE,El Paso Electric
EEP,Enbridge Energy
EFC,Ellington Financial
EFX,Equifax
EGL,Engility
EGN,Energen
EGO,Eldorado Gold
EGP,Eastgroup Properties
EGY,Vaalco Energy
EHIC,Ehi Car Services
EIG,Employers Holdings
EIX,Edison International
EJ,E-House
EL,Estée Lauder
ELLI,Ellie Mae
ELP,Companhia Paranaense De Energia
ELS,Equity Lifestyle Properties
ELX,Emulex
ELY,Callaway Golf
EMC,EMC
EME,EMCOR Group
EMES,Emerge Energy
EMN,Eastman Chemical
EMO,Clearbridge Energy MLP Opportu
EMR,Emerson Electric
ENB,Enbridge
ENBL,Enable Midstream Partners
ENH,Endurance Specialty Holdings
ENI,Enersis
ENL,Reed Elsevier
ENLC,Enlink Midstream
ENR,Energizer
ENS,Enersys
ENV,Envestnet
ENVA,Enova
ENZ,Enzo Biochem
EOC,Empresa Nacional De Electricidad
EOD,Wells Fargo Global Dividend Opportunity
EOG,EOG Resources
EPAM,Epam Systems
EPD,Enterprise Products Partners
EPE,EP Energy
EQC,Equity Commonwealth
EQM,Equity Midstream Partners
EQT,Eqt
EQY,Equity One
ERA,Era Group
ERF,Enerplus
ERJ,Embraer-Empresa Brasileira De Aeronautica
EROS,Eros International
ES,Eversource Energy
ESE,Esco Technologies
ESI,Itt Educational Services
ESL,Esterline Technologies
ESNT,Essent Group
ESV,Ensco
ETH,Ethan Allen Interiors
ETM,Entercom Communications
ETN,Eaton
ETP,Energy Transfer Partners
ETR,Entergy
EURN,Euronav
EV,Eaton Vance
EVC,Entravision Communications
EVDY,Everyday Health
EVER,Everbank Financial
EVGN,Evogene Ltd Ord
EVHC,Envision Healthcare
EVR,Evercore Partners
EVTC,Evertec
EW,Edwards Lifesciences
EXAM,Examworks Group
EXAR,Exar
EXC,Exelon
EXH,Exterran
EXK,Endeavour Silver
EXP,Eagle Materials
EXPR,Express
EXR,Extra Space Storage
F,Ford Motor
FAC,Liberte Investors
FAF,First American Financial
FAV,Active Dividend
FBC,Flagstar Bancorp
FBHS,Fortune Brands Home & Security
FBP,First Bancorp
FBR,Fibria Celulose
FC,Franklin Covey
FCAU,Fiat Chrysler Automobiles 
FCB,FCB Financial
FCE.A,Forest City Enterprises
FCF,First Commonwealth Financial
FCN,FTI Consulting
FCT,Senior Floating Rate II
FCX,Freeport-McMoRan
FDO,Family Dollar
FDP,Fresh Del Monte Produce
FDS,Factset Research Systems
FDX,FedEx
FE,FirstEnergy
FELP,Foresight Energy
FENG,Phoenix New Media
FET,Forum Energy Technologies
FF,Futurefuel
FFG,Fbl Financial Group
FGL,Fidelity & Guaranty
FGP,Ferrellgas Partners
FHN,First Tennessee National
FI,Frank's International 
FICO,Fair Isaac and
FIG,Fortress Investment Group
FII,Federated Investors
FIS,Fidelity National Information Services
FIX,Comfort Systems USA
FL,Footlocker
FLO,Flowers Foods
FLR,Fluor
FLS,Flowserve
FLT,Fleetcor Technologies
FLTX,Fleetmatics Group
FLY,FLY Leasing
FMC,FMC
FMD,First Marblehead
FMN,Federated Premier Muni
FMS,Fresenius Medical Care
FMSA,FMSA Holdings
FMX,Fomento Economico Mexicano
FN,Fabrinet
FNB,F.N.B.
FNF,Fidelity National Financial
FNFV,Fnfv Group of Fidelity National
FNV,Franco Nev
FOE,Ferro
FOR,Forestar Group
FPT,Federated Premier Intermediate Muni
FRC,First Republic Bank
FRM,Furmanite
FRO,Frontline
FSIC,FS Investment
FSL,Freescale Semiconductor Holdin
FSM,Fortuna Silver Mines
FSS,Federal Signal
FTI,FMC Technologies
FTK,Flotek Industries
FUL,H.B. Fuller
FUN,Cedar Fair
FVE,Five Star Quality Care
FXCM,FXCM
G,Genpact
GAM,General American Investors
GAS,Agl Resources
GB,Greatbatch
GBL,Gamco Investors
GBX,Greenbrier
GCA,Global Cash Access
GCAP,Gain Capital
GCI,Gannett
GCO,Genesco
GD,General Dynamics
GDF,Western Asset Global
GDOT,Green Dot
GDP,Goodrich Petroleum
GE,General Electric
GEF,Greif
GEL,Genesis Energy
GEN,Genesis Healthcare
GEO,Geo Group
GES,Guess
GFA,Gafisa
GFF,Griffon
GFI,Gold Fields
GFIG,GFI Group
GG,Goldcorp
GGB,Gerdau
GGG,Graco
GGP,General Growth Properties
GHC,Graham Holdings
GHL,Greenhill & Co.
GHM,Graham
GIB,CGI Group
GIL,Gildan Activewear
GIM,Templeton Global
GIMO,Gigamon
GIS,General Mills
GLF,Gulfmark Offshore
GLOB,Globant
GLOG,Gaslog
GLOP,Gaslog Partners
GLP,Global Partners
GLPW,Global Power Equipment Group
GLT,Glatfelter
GLW,Corning
GM,General Motors
GME,GameStop
GMED,Globus Medical
GMT,GATX
GNC,GNC Holdings
GNE,Genie Energy
GNRC,Generac Holdings
GNW,Genworth Financial
GOL,GOL Linhas Aereas Inteligentes
GPC,Genuine Parts
GPI,Group 1 Automotive
GPK,Graphic Packaging
GPN,Global Payments
GPRK,GeoPark
GPS,The Gap
GPT,Gramercy Capital
GPX,Gp Strategies
GRA,W.R. Grace & Company
GRAM,Graa y Montero
GRO,Agria
GRUB,Grubhub
GS,Goldman Sachs
GSH,Guangshen Railway
GSI,General Steel
GSK,GlaxoSmithKline
GSL,Global Ship Lease
GTI,Graftech International
GTN,Gray Television
GTS,Triple-S Management
GTT,Global Telcom & Technology
GUA,Gulf Power
GVA,Granite Construction
GWB,Great Western Bancorp
GWR,Genesee & Wyoming
GWRE,Guidewire Software
GWW,W.W. Grainger
GXP,Great Plains Energy
GY,Gencorp
GZT,Gazit-Globe
H,Hyatt Hotels
HAE,Haemonetics
HAL,Halliburton
HAR,Harman International Industries
HASI,Hannon Armstrong
HBI,Hanesbrands
HBM,HudBay Minerals
HCA,HCA Holdings
HCC,HCC Insurance Holdings
HCI,Homeowners Choice
HCLP,Hi-Crush Partners
HCP,HCP
HD,Home Depot
HDB,HDFC Bank
HDY,Hyperdynamics
HE,Hawaiian Electric Industries
HEI,Heico
HELI,CHC Group Ltd.
HEP,Holly Energy Partners
HES,Hess
HF,HFF
HFC,HollyFrontier
HGG,Hhgregg
HGR,Hanger Orthopedic Group
HHC,Howard Hughes
HHS,Harte-Hanks
HI,Hillenbrand
HIG,Hartford Financial
HII,Huntington Ingalls Industries
HIL,Hill International
HIVE,Aerohive Networks
HIW,Highwoods Properties
HK,Halcon Resources
HL,Hecla Mining
HLF,Herbalife
HLS,HealthSouth
HLT,Hilton
HLX,Helix Energy Solutions Group
HMC,Honda
HME,Home Properties
HMLP,Hoegh Lng Partners
HMN,Horace Mann Educators
HMY,Harmony Gold Mining Co.
HNI,Hon Industries
HNP,Huaneng Power
HNR,Harvest Natural Resources
HNT,Health Net
HOG,Harley-Davidson
HON,Honeywell International
HOS,Hornbeck Offshore Services
HOT,Starwood Hotels
HOV,Hovnanian Enterprises
HP,Helmerich & Payne
HPP,Hudson Pacific Properties
HPQ,Hewlett-Packard
HPY,Heartland Payment Systems
HQH,Tekla Healthcare Investors
HQL,Tekla Life Sciences Investors
HRB,H&R Block
HRC,Hill-Rom
HRG,Harbinger Group
HRL,Hormel Foods
HRS,Harris
HRTG,Heritage Insurance
HSBC,HSBC
HSC,Harsco
HSP,Hospira
HSY,Hershey Foods
HTF,Horizon Technology Finance
HTH,Hilltop Holdings
HTS,Hatteras Financial
HTZ,Hertz Global Holdings
HUB.A,Hubbell
HUBS,Hubspot
HUM,Humana
HUN,Huntsman
HVB,Hudson Valley Bank
HVT,Haverty Furniture
HW,Headwaters
HXL,Hexcel
HY,Hyster-Yale Materials Handling
HYH,Halyard Health
HZO,Marinemax
I,Intelsat
IAG,IAMGOLD
IBA,Industrias Bachoco
IBM,International Business Machines
IBN,ICICI Bank
IBP,Installed Building Products
ICA,Empresas Ica Soc Contrladora
ICD,Independence Contract Drilling
ICE,Intercontinental Exchange
ICL,Israel Chemicals Ltd.
IDA,Idacorp
IDT,IDT
IEX,Idex
IFF,International Flavors & Fragrances
IFT,Imperial Holdings
IGI,Western Asset Investment Grade Defined
IGT,International Game Technology
IHC,Independence Holding
IHG,Intercontinental Hotels
IHS,IHS
IL,IntraLinks
IM,Ingram Micro
IMAX,Imax
IMN,Imation
IMPR,Imprivata
IMPV,Imperva
IMS,IMS Health
INF,Brookfield Global Listed Infra
INFY,Infosys
ING,ING Group 
INGR,Ingredion
INN,Summit Hotel Properties
INT,World Fuel Services
INVN,Invensense
INXN,Interxion
IO,ION Geophysical
IOC,Interoil
IP,International Paper
IPG,Interpublic Group
IPHI,Inphi
IPI,Intrepid Potash
IR,Ingersoll-Rand
IRM,Iron Mountain
IRS,Irsa Inversiones y Representaciones
ISH,International Shipholding
IT,Gartner
ITC,ITC Holdings
ITG,Investment Technology Group
ITT,Itt Industries
ITUB,Itaú Unibanco
ITW,Illinois Tool Works
IVC,Invacare
IVZ,Invesco
IX,Orix
JAH,Jarden
JBL,Jabil Circuit
JBT,John Bean Technologies
JCI,Johnson Controls
JCP,J.C. Penney
JE,Just Energy Group
JEC,Jacobs Engineering Group
JGW,J.G. Wentworth
JHX,James Hardie Industries
JKS,JinkoSolar Power
JLL,Jones Lang LaSalle
JMEI,Jumei
JMP,JMP Group
JNJ,Johnson & Johnson
JNPR,Juniper Networks
JNS,Janus Capital Group
JOE,St. Joe
JONE,Jones Energy
JOY,Joy Global
JPEP,JP Energy Partners
JPM,J.P. Morgan Chase
JRN,Journal Communications
JW.A,John Wiley Sons
JWN,Nordstrom
K,Kellogg
KAI,Kadant
KAMN,Kaman
KAP,KCAP Financial
KAR,KAR Auction Services
KATE,Kate Spade
KB,KB Financial Group
KBH,KB Home
KBR,KBR
KCG,KCG Holdings
KED,Kayne Anderson Energy Development
KEG,Key Energy Services
KEM,Kemet
KEN,Kenon
KEP,Korea Electric Power
KEX,Kirby
KEY,Keycorp
KEYS,Keysight Technologies
KFH,KKR Financial
KFS,Kingsway Financial Services
KFY,Korn/Ferry
KGC,Kinross Gold
KING,King Digital Entertainment
KKD,Krispy Kreme Doughnuts
KKR,KKR & Co.
KMB,Kimberly-Clark
KMG,KMG Chemicals
KMI,Kinder Morgan
KMPA,Kemper
KMPR,Unitrin
KMT,Kennametal
KMX,CarMax
KN,Knowles
KND,Kindred Healthcare
KNL,Knoll
KNM,Konami
KNOP,Knot Offshore Partners
KNX,Knight Transportation
KO,Coca-Cola
KODK,Eastman Kodak
KOP,Koppers Holdings
KORS,Michael Kors
KOS,Kosmos Energy
KR,Kroger
KRA,Kraton Performance Polymers
KRO,Kronos Worldwide
KS,Kapstone Paper and Packaging
KSS,Kohl's
KSU,Kansas City Southern
KT,Korea Telecom
KW,Kennedy-Wilson
KWR,Quaker Chemical
KYN,Kayne Anderson MLP Investment
KYO,Kyocera
L,Loews
LAD,Lithia Motors
LADR,Ladder Capital
LAS,Lentuo International
LAZ,Lazard
LB,L Brands
LC,LendingClub
LCI,Lannett
LDL,Lydall
LDOS,Leidos
LDR,Landauer
LEA,Lear
LEAF,Springleaf
LEE,Lee Enterprises
LEG,Leggett & Platt
LEJU,Leju
LEN,Lennar
LEU,Centrus Energy
LF,LeapFrog Enterprises
LFC,China Life Insurance
LFL,Latam Airlines
LG,Laclede Group
LGF,Lions Gate Entertainment
LH,Laboratory Corporation of America
LHO,Lasalle Hotel Properties
LII,Lennox
LITB,LightInTheBox
LL,Lumber Liquidators
LLL,L-3 Communications
LLY,Eli Lilly and Company
LM,Legg Mason
LMT,Lockheed Martin
LNC,Lincoln National
LND,Brasilagro
LNKD,Linkedin
LNN,Lindsay
LNT,Alliant Energy
LO,Lorillard
LOCK,Lifelock
LOR,Lazard World Dividend & Company
LOW,Lowe's
LPG,Dorian Lpg Ltd.
LPI,Laredo Petroleum
LPL,Lg Display Co. Limited American
LPX,Louisiana-Pacific
LQ,La Quinta
LRE,LRR Energy
LRN,K12
LTC,LTC Properties
LTM,Life Time Fitness
LUB,Luby's
LUK,Leucadia National
LUV,Southwest Airlines
LUX,Luxottica Group S.P.A.
LVLT,Level 3 Communications
LVS,Las Vegas Sands
LXFR,Luxfer
LXFT,Luxoft
LXK,Lexmark
LXU,LSB Industries
LYB,Lyondellbasell Industries Nv
LYG,Lloyds Banking Group
LYV,Live Nation Entertainment
LZB,La-Z-Boy
M,Macy's
MA,MasterCard
MAA,Mid-America Apartment Communities
MAC,Macerich
MAIN,Main Street Capital
MAN,Manpower
MANU,Manchester United
MAS,Masco
MATX,Matson
MBI,MBIA
MBLY,Mobileye 
MBT,Mobile Telesystems
MC,Moelis
MCC,Medley Capital
MCD,McDonald's
MCK,McKesson
MCO,Moody's
MCP,Molycorp
MCS,Marcus
MCY,Mercury General
MD,Mednax
MDC,Richmond American Homes
MDLY,Medley Management
MDP,Meredith
MDR,McDermott International
MDT,Medtronic
MDU,Mdu Res Group
MED,Medifast
MEG,Media General
MEI,Methode Electronics
MEP,Midcoast Energy Partners
MET,MetLife
MFA,MFA Financial
MFC,Manulife Financial
MFG,Mizuho Financial Group
MG,Mistras Group
MGA,Magna International
MGM,MGM Resorts
MHFI,McGraw Hill
MHG,Marine Harvest
MHK,Mohawk Industries
MHO,M/I Homes
MHR,Magnum Hunter Resources
MIG,Meadowbrook Insurance Group
MIL,MFC Industrial
MILL,Miller Petroleum
MIXT,Mix Telematics
MJN,Mead Johnson Nutrition
MKC,McCormick & Company
MKL,Markel
MLI,Mueller Industries
MLM,Martin Marietta Materials
MLP,Maui Land & Pineapple
MLR,Miller Industries
MM,Millennial Media
MMC,Marsh & McLennan
MMI,Marcus & Millichap
MMM,3M
MMP,Magellan Midstream Partners
MMS,Maximus
MN,Manning & Napier
MNI,McClatchy
MNK,Mallinckrodt
MO,Altria Group
MOD,Modine
MODN,Model N
MOG.A,Moog
MOH,Molina Healthcare
MON,Monsanto
MOS,Mosaic
MOV,Movado Group
MPC,Marathon Petroleum
MPG,Metaldyne Performance Group
MPLX,Mplx
MPO,Midstates Petroleum
MPV,Massmutual Participation Investors
MPX,Marine Products
MR,Mindray Medical International Limited
MRC,MRC Global
MRH,Montpelier
MRIN,Marin Software
MRK,Merck
MRO,Marathon Oil
MS,Morgan Stanley
MSA,Msa Safety
MSCI,MSCI
MSI,Motorola Solutions
MSL,Midsouth Bancorp
MSM,Msc Industrial Direct
MSO,Martha Stewart Living Omnimedia
MT,ArcelorMittal
MTB,M&T Bank
MTD,Mettler-Toledo International
MTDR,Matador Resources
MTG,Mgic Investment
MTH,Meritage
MTL,Mechel Steel
MTN,Vail Resorts
MTOR,Arvinmeritor
MTRN,Brush Wellman
MTU,Mitsubishi
MTW,Manitowoc
MTX,Minerals Technologies
MTZ,Mastec
MUR,Murphy Oil
MUSA,Murphy USA
MUX,Mcewen Mining
MVC,MVC Capital
MVNR,Mavenir Systems
MW,Men's Wearhouse
MWA,Mueller Water Products
MWE,Markwest Energy Partners
MWV,MeadWestvaco
MWW,Monster Worldwide
MX,Magnachip Semiconductor
MXL,Maxlinear
MY,China Ming Yang Wind Power Group Limited
MYCC,ClubCorp
MYE,Myers Industries
N,Netsuite
NADL,North Atlantic Drilling Ltd. Co
NAO,Nordic American Offshore Ltd.
NAP,Navios Maritime Midstream Partn
NAT,Nordic American Tanker Shipping Limited
NAV,Navistar International
NBG,National Bank of Greece
NBHC,NBH Bank
NBL,Noble Energy
NBR,Nabors Industries
NC,Nacco Industries
NCFT,Norcraft Companies
NCI,Navigant Consulting
NCR,NCR
NCS,NCI Building Systems
NCT,Newcastle Investment
NCV,Agic Convertible & Company
NDP,Tortoise Energy Independence F
NE,Noble
NEE,NextEra Energy
NEFF,Neff
NEM,Newmont Mining
NES,Nuverra Environmental Solutions
NEU,Newmarket
NEWM,New Media Investment Group
NEWR,New Relic
NFG,National Fuel Gas
NFX,Newfield Exploration
NGG,National Grid Transco
NGL,Ngl Energy Partners
NGLS,Targa Resources Partners
NGS,Natural Gas Services Group
NGVC,Natural Grocers by Vitamin Cottage
NHI,National Health Investors
NI,NiSource
NJ,Nidec
NJR,Newjersey Resources
NKA,Niska Gas Storage Partners
NKE,Nike
NL,NL Industries
NLS,Nautilus Group
NLSN,Nielsen
NLY,Annaly Capital Management
NM,Navios Maritime
NMBL,Nimble Storage
NMFC,New Mountain Finance
NMM,Navios Maritime Partners
NMR,Nomura
NNI,Nelnet
NNN,National Retail Properties
NOA,North American Energy Partners
NOAH,Noah Holdings
NOC,Northrop Grumman
NOK,Nokia
NOR,Noranda Aluminum
NORD,Nord Anglia Education
NOV,National Oilwell
NOW,Servicenow
NP,Neenah Paper
NPD,China Nepstar Chain Drugstore
NPK,National Presto
NPO,Enpro Industries
NPTN,Neophotonics
NQ,Netqin Mobile
NR,Newpark Resources
NRG,NRG Energy
NRP,Natural Resource Partners
NRZ,New Residential Investment
NS,Nustar Energy
NSAM,Northstar Asset Management
NSC,Norfolk Southern
NSH,NuStar
NSLP,New Source Energy Partners
NSP,Insperity
NSR,Neustar
NSS,Nustar Logistics
NTI,Northern Tier Energy
NTL,Nortel Inversora Sa ADR
NTP,Nam Tai Electronics
NTT,Nippon Telegraph and Telephone
NTZ,Natuzzi S.P.A.
NU,Northeast Utilities
NUE,Nucor
NUS,Nu Skin Enterprises
NVGS,Navigator Holdings
NVO,Novo Nordisk A/S
NVR,NVR
NVRO,Nevro
NVS,Novartis
NVTA,Invitae
NWE,NorthWestern Energy
NWHM,The New Home Company
NWL,Newell Rubbermaid
NWN,Northwest Natural Gas
NWY,New York & Company
NX,Quanex Building Products
NYCB,New York Community Bancorp
NYLD,NRG Yield
NYT,New York Times
OAK,Oaktree Capital Group
OAKS,Five Oaks Investment
OAS,Oasis Petroleum
OB,Onebeacon Insurance Group
OC,Owens Corning
OCIP,Oci Partners
OCIR,Oci Resources
OCN,Ocwen Financial
OCR,Omnicare
ODC,Oil-Dri
OEC,Orion Engineered Carbons
OFC,Corporate Office Properties
OFG,Oriental Financial Group
OGE,Oge Energy
OGS,One Gas
OHI,Omega Healthcare Investors
OI,Owens-Illinois
OIBR,Oi
OII,Oceaneering International
OILT,Oiltanking Partners
OIS,Oil States International
OKE,Oneok
OKS,Oneok Partners
OLN,Olin
OLP,One Liberty Properties
OMAM,Om Asset Management
OMC,Omnicom Group
OME,Omega Protein
OMG,Om Group
OMI,Owens & Minor
OMN,Omnova Solutions
ONDK,On Deck Capital
ONE,Higher One Holdings
OPK,Opko Health
OPWR,Opower
OPY,Oppenheimer
ORA,Ormat Technologies
ORAN,Orange
ORB,Orbital Sciences
ORC,Orchid Island Capital
ORCL,Oracle
ORI,Old Republic International
ORN,Orion Marine Group
OSK,Oshkosh Truck
OUT,Outfront Media
OWW,Orbitz Worldwide
OXM,Oxford Industries
OXY,Occidental Petroleum
OZM,Och-Ziff Capital Management
P,Pandora Media
PAA,Plains All American Pipeline
PAC,Grupo Aeroportuario Del Pacifico
PACD,Pacific Drilling
PAG,Penske Automotive Group
PAGP,Plains GP
PAH,Platform Specialty Products
PAM,Pampa Energia
PANW,Palo Alto Networks
PAR,Par Technology
PAY,Verifone Systems
PAYC,Paycom Software
PB,Prosperity Bancshares
PBA,Pembina Pipeline Cor
PBF,PBF Energy
PBFX,PBF Logistics
PBH,Prestige Brand
PBI,Pitney Bowes
PBR,Petrobras
PBY,Pep Boys-Manny Moe & Jack
PBYI,Puma Biotechnology
PCG,PG&E
PCL,Plum Creek Timber
PCP,Precision Castparts
PDS,Precision Drilling
PE,Parsley Energy
PEG,Public Service Enterprise Group
PEO,Petroleum Resources
PEP,PepsiCo
PES,Pioneer Energy Services
PF,Pinnacle Foods
PFE,Pfizer
PFG,Principal Financial Group
PFS,Provident Financial Services
PG,Procter & Gamble
PGEM,Ply Gem
PGH,Pengrowth Energy
PGI,Premiere Global Services
PGN,Paragon Offshore
PGR,Progressive
PGRE,Paramount Group
PH,Parker-Hannifin
PHG,Koninklijke Philips Electronics
PHH,Phh
PHI,Philippine Long Distance Telephone
PHM,PulteGroup
PHX,Panhandle Royalty
PII,Polaris Industries
PIR,Pier 1 Imports
PJC,Piper Jaffray
PKD,Parker Drilling
PKE,Park Electrochemical
PKG,Packaging Corporation of America
PKI,Perkinelmer
PKX,Pohang Iron & Steel
PKY,Parkway Properties
PLD,Prologis
PLL,Pall
PLOW,Douglas Dynamics
PLT,Plantronics
PM,Philip Morris
PMC,Pharmerica
PN,Patriot National
PNC,PNC Bank
PNK,Pinnacle Entertainment
PNM,PNM Resources
PNR,Pentair
PNTA,PennantPark
PNW,Pinnacle West Capital
PNX,Phoenix Companies
PNY,Piedmont Natural Gas
POL,Polyone
POM,Potomac Electric Power
POR,Portland General Electric
POST,Post Holdings
POT,Potash
POWR,PowerSecure
PPG,PPG Industries
PPL,PPL
PPO,Polypore
PPP,Primero Mining
PPS,Post Properties
PPX,PPL Capital Funding
PQ,Petroquest Energy
PRA,Pro-Assurance
PRE,Partnerre
PRGO,Perrigo
PRI,Primerica
PRLB,Proto Labs
PRO,PROS Holdings
PSA,Public Storage
PSB,Business Parks
PSG,Performance Sports
PSO,Pearson
PSX,Phillips 66
PT,Portugal Telecom
PTP,Platinum Underwriters
PTR,Petrochina Company Limited
PRU,Prudential
PVA,Penn Virginia
PVG,Pretium Res
PVH,Phillips-Van Heusen
PWE,Penn West Petroleum
PWR,Quanta Services
PX,Praxair
PXD,Pioneer Natural Resources
PZE,Petrobras Argentina
PZN,Pzena Investment Management
Q,Quintiles Transnational
QEP,QEP Resources
QEPM,QEP Midstream Partners
QIHU,Qihoo 360
QSR,Restaurant Brands International
QTM,Quantum
QTWO,Q2 Holdings
QUAD,Quad Graphics
R,Ryder System
RAD,Rite Aid
RAI,Reynolds American
RALY,Rally Software
RATE,Bankrate
RAX,Rackspace Hosting
RBA,Ritchie Bros. Auctioneers
RBC,Regal-Beloit
RBS,Royal Bank of Scotland
RCAP,RCS Capital
RCI,Rogers Communication
RCL,Royal Caribbean
RDC,Rowan Companies
RDN,Radian Group
RDS.A,Royal Dutch Shell
RDY,Dr. Reddy's Laboratories
RE,Everest Re Group
REG,Regency Centers
REN,Resolute Energy
RENN,Renren
RES,RPC
RESI,Altisource Residential
REV,Revlon
REX,Rex American Resources
RF,Regions Financial
RFP,Resolute Forest Products
RGA,Reinsurance Group of America
RGC,Regal Entertainment Group
RGP,Ross Group
RGR,Sturm Ruger & Company
RGS,Regis
RH,Restoration Hardware
RHI,Robert Half
RHP,Gaylord Entertainment
RHT,Red Hat
RICE,Rice Energy
RIG,Transocean
RIGP,Transocean Partners
RIO,Rio Tinto
RIOM,Rio Alto Mining
RJD,Raymond James
RKT,Rock-Tenn
RKUS,Ruckus Wireless
RL,Ralph Lauren
RLD,Reald
RLGY,Realogy
RLH,Westcoast Hospitality
RLI,RLI
RM,Regional Managment
RMAX,Re/Max
RMD,Resmed
RMP,Rice Midstream Partners
RNDY,Roundy's
RNF,Rentech Nitrogen Partners
RNG,Ringcentral
RNO,Rhino Resource Partners
RNR,RenaissanceRe
ROG,Rogers
ROK,Rockwell Automation
ROL,Rollins
ROP,Roper Industries
RPAI,Retail Properties of America
RPM,RPM International
RRC,Range Resources
RRMS,Rose Rock Midstream
RRTS,Roadrunner Transportation Systems
RS,Reliance Steel & Aluminum
RSE,Rouse Properties
RSG,Republic Services
RSO,Resource Capital
RSPP,RSP Permian
RST,Rosetta Stone
RT,Ruby Tuesday
RTEC,Rudolph Technologies
RTI,RTI International Metals
RTN,Raytheon
RUBI,The Rubicon Project
RXN,Rexnord
RY,Royal Bank of Canada
RYAM,Rayonier Advanced Materials
RYL,Ryland Group
RYN,Rayonier
S,Sprint
SA,Seabridge Gold
SAH,Sonic Automotive
SAIC,Science Applications
SALT,Scorpio Bulkers
SAM,Boston Beer
SAN,Banco Santander
SAP,SAP
SAQ,Saratoga Investment
SB,Safe Bulkers
SBGL,Sibanye Gold
SBH,Sally Beauty
SBS,Cia De Saneamento Basico Do Estado
SC,Santander Consumer USA
SCCO,Southern Peru Copper
SCG,Scana
SCHW,Charles Schwab
SCI,Service Corporation International
SCL,Stepan
SCM,Stellus Capital Investment
SCS,Steelcase
SCX,L.S. Starrett
SD,Sandridge Energy
SDLP,Seadrill Partners
SDRL,SeaDrill
SE,Spectra Energy
SEAS,SeaWorld Entertainment
SEE,Sealed Air
SEM,Select Medical Holdings
SEMG,SemGroup
SEP,Spectra Energy Partners
SERV,ServiceMaster
SF,Stifel Financial
SFE,Safeguard Scientifics
SFG,Stancorp Financial Group
SFL,Ship Finance
SFS,Smart
SFUN,Soufun
SFY,Swift Energy
SGL,Strategic Global
SGU,Star Gas Partners
SGY,Stone Energy
SHAK,Shake Shack
SHG,Shinhan Financial Group
SHI,Sinopec Shangai Petrochemical
SHLX,Shell Midstream Partners
SHO,Sunstone Hotel Investors
SHW,Sherwin-Williams
SID,National Steel
SIG,Signet Jewelers
SIX,Six Flags Entertainment
SJI,South Jersey Industries
SJM,J.M. Smucker
SJR,Shaw Communications
SJW,SJW
SKM,SK Telecom
SKT,Tanger Factory Outlet Centers
SKX,Skechers
SLB,Schlumberger 
SLCA,U.S. Silica
SLF,Sun Life Financial
SLH,Solera
SLW,Silver Wheaton
SM,Sm Energy
SMFG,Sumitomo Mitsui Financial Group
SMG,Scotts Miracle-Gro
SMI,Semiconductor Manufacturing International
SMLP,Summit Midstream Partners
SMP,Standard Motor Products
SN,Sanchez Energy
SNA,Snap-On
SNE,Sony
SNI,Scripps Networks
SNN,Smith & Nephew
SNOW,Intrawest Resorts
SNP,China Petroleum & Chemical
SNR,New Senior Investment Group
SNV,Synovus Financial
SNX,Synnex
SNY,Sanofi-Aventis
SO,Southern Company
SOL,Renesola
SON,Sonoco Products
SOR,Source Capital
SPA,Sparton
SPB,Spectrum Brands
SPF,Standard Pacific
SPG,Simon Property Group
SPH,Suburban Propane Partners
SPLP,Steel Partners
SPN,Superior Energy Services
SPR,Spirit Aerosystems
SPW,SPX
SQM,Sociedad Quimica y Minera
SQNS,Sequans Communications
SR,Standard Register
SRE,Sempra Energy
SRI,Stoneridge
SRLP,Sprague Resources
SRT,StarTek
SSD,Simpson Manufacturing
SSE,Seventy Seven Energy
SSI,Stage Stores
SSL,Sasol
SSLT,Sesa Sterlite
SSNI,Silver Spring Networks
SSP,E.W. Scripps
SSS,Sovran Self Storage
SSTK,Shutterstock
SSW,Seaspan
ST,Sensata Technologies Holding 
STAG,STI
STAR,iStar Financial
STAY,Extended Stay America
STC,Stewart Information Services
STE,Steris
STI,SunTrust Banks
STJ,St. Jude Medical
STK,Columbia Seligman
STL,Sterling Bancorp
STM,STMicroelectronics 
STN,Stantec
STNG,Scorpio Tankers
STO,Statoil ASA
STON,Stonemor Partners
STOR,Store Capital Corpstore Capital
STR,Questar
STRI,STR Holdings
STT,State Street
STV,China Digital TV
STZ,Constellation Brands
SU,Suncor Energy
SUI,Sun Communities
SUN,Sunoco
SUNE,Sunedison
SUP,Superior Industries
SVM,Silvercorp Metals
SVU,Supervalu
SWAY,Starwood Waypoint
SWC,Stillwater Mining
SWFT,Swift Transportation
SWI,SolarWinds
SWK,Stanley Black & Decker
SWM,Schweitzer-Mauduit
SWN,Southwestern Energy
SWX,Southwest Gas
SXC,Suncoke Energy
SXCP,Suncoke Energy Partners
SXE,Southcross Energy Partners
SXI,Standex
SXL,Sunoco Logistics Partners
SXT,Sensient Technologies
SYA,Symetra Financial
SYF,Synchrony Financial
SYK,Stryker
SYT,Syngenta
SYX,Systemax
SYY,Sysco
T,AT&T
TA,Travelcenters of America
TAC,Transalta
TAHO,Tahoe Res
TAI,Transamerica
TAL,TAL International Group
TANN,TravelCenters of America
TAOM,Taomee
TAP,Molson Coors
TARO,Taro Pharmaceutical
TBI,TrueBlue
TC,Thompson Creek Metals
TCAP,Triangle Capital
TCB,TCF Financial
TCK,Teck Resources
TCO,Taubman Centers
TCP,TCP Pipelines
TCPI,TCP International
TCRX,THL Credit
TCS,The Container Store Group
TD,Toronto Dominion Bank
TDC,Teradata
TDG,Transdigm Group
TDW,Tidewater
TDY,Teledyne Technologies
TE,Teco Energy
TEF,Telefonica
TEG,Integrys Energy Group
TEI,Templeton Emerging Markets
TEL,Te Connectivity
TEN,Tenneco Automotive
TEO,Telecom Argentina
TEP,Tallgrass Energy Partners
TER,Teradyne
TEU,Box Ships
TEVA,Teva Pharmaceutical
TEX,Terex
TFX,Teleflex
TG,Tredegar
TGH,Textainer Group
TGI,Triumph Group
TGP,Teekay LNG Partners
TGS,Transportadora de Gas Del Sur
TGT,Target
THC,Tenet Healthcare
THG,The Hanover Insurance Group
THO,Thor Industries
THR,Thermon Group
THS,Treehouse Foods
TI,Telecom Italia S.P.A.
TIF,Tiffany & Co.
TIME,Time Inc.
TISI,Team
TJX,TJX Companies
TK,Teekay Shipping
TKC,Turkcell Iletisim Hizmetleri
TKR,Timken
TLK,PT Telekomunikasi Indonesia
TLLP,Tesoro Logistics
TLM,Talisman Energy
TLP,Transmontaigne Partners
TLYS,Tilly's
TM,Toyota Motor
TMH,Team Health
TMHC,Taylor Morrison Home
TMK,Torchmark
TMO,Thermo Fisher Scientific
TMST,Timken Steel
TMUS,T-Mobile US
TNC,Tennant
TNET,Trinet Group
TNH,Terra Nitrogen
TNK,Teekay Tankers
TNP,Tsakos Energy Navigation
TOL,Toll Brothers
TOO,Teekay Offshore Partners
TOT,Total
TOWR,Tower International
TPC,Tutor Perini
TPH,Tri Pointe Homes
TPRE,Third Point Reinsurance
TPUB,Tribune Publishing
TPX,Tempur-Pedic
TPZ,Tortoise Power and Energy
TR,Tootsie Roll
TRC,Tejon Ranch
TRCO,Tribune Media
TREC,Trecora Resources
TREX,Trex
TRGP,Targa Resources
TRI,Thomson Reuters
TRK,Speedway Motorsports
TRLA,Trulia
TRMR,Tremor Video
TRN,Trinity Industries
TROX,Tronox
TRP,Transcananda Pipelines
TRQ,Turquoise Hill Resources
TRR,TRC Companies
TRUP,Trupanion
TRV,The Travelers Companies
TRW,TRW Automotive
TS,Tenaris
TSE,Trinseo
TSI,Tcw Strategic
TSL,Trina Solar Limited
TSLX,Tpg Specialty Lending
TSM,Taiwan Semiconductor Manufacturing
TSN,Tyson Foods
TSO,Tesoro Petroleum
TSQ,Townsquare Media
TSS,Total System Services
TSU,Tim Participacoes
TTC,Toro
TTI,Tetra Technologies
TTM,Tata Motors
TU,Telus
TUMI,Tumi
TUP,Tupperware
TV,Grupo Televisa
TVC,Tennessee Valley Authority
TVPT,Travelport Worldwide
TW,Towers Watson & Co
TWC,Time Warner Cable
TWI,Titan International
TWO,Two Harbors Investments
TWTR,Twitter
TWX,Time Warner
TX,Ternium
TXT,Textron
TXTR,Textura
TY,Tri Continental
TYC,Tyco
TYG,Tortoise Energy
TYL,Tyler Technologies
UA,Under Armour
UAL,United Continental
UAM,Universal American Financial
UBA,Urstadt Biddle Properties
UBS,UBS
UE,Urban Edge Properties
UFI,Unifi
UFS,Domtar
UGI,UGI Corporation
UGP,Ultrapar Participacoes
UHS,Universal Health Services
UIL,UIL Holdings
UIS,Unisys
UMC,United Microelectronics
UMH,UMH Properties
UN,Unilever
UNF,Unifirst
UNH,UnitedHealth
UNM,Unum Group
UNP,Union Pacific
UNT,Unit Corporation
UPL,Ultra Petroleum
UPS,United Parcel Service
URI,United Rentals
USAC,USA Compression Partners
USB,U.S. Bancorp
USDP,USD Partners
USG,USG
USM,United States Cellular
USNA,Usana Health Sciences
USPH,U.S. Physical Therapy
UTI,Universal Technical Institute
UTL,Unitil
UTX,United Technologies
UVE,Universal Insurance Holdings
UVV,Universal
V,Visa
VAC,Marriott Vacations
VAL,Valspar
VALE,Vale
VAR,Varian Medical Systems
VC,Visteon
VCO,Vina Concha y Toro
VCRA,Vocera Communications
VEC,Vectrus
VEEV,Veeva Systems
VET,Vermilion Energy
VFC,V.F.
VG,Vonage
VGR,Vector Group
VHI,Valhi
VHT,Vanguard Health
VIPS,Vipshop
VIV,Telefonica Brasil
VJET,Voxeljet
VLO,Valero Energy
VLP,Valero Energy Partners
VLRS,Controladora Vuela Compañía de Aviación
VLY,Valley National Bancorp
VMC,Vulcan Materials
VMEM,Violin Memory
VMI,Valmont Industries
VMW,Vmware
VNCE,Vince Holding
VNTV,Vantiv
VOYA,Voya
VPG,Vishay Precision Group
VR,Validus
VRS,Verso Paper
VRTV,Veritiv
VRX,Valeant Pharmaceuticals
VSH,Vishay Intertechnology
VSI,Vitamin Shoppe
VSLR,Vivint Solar
VSTO,Vista Outdoor
VTR,Ventas
VTTI,Vtti Energy Partners
VVC,Vectren
VVI,Viad
VZ,Verizon Communications
W,Wayfair
WAB,Wabtec
WAC,Walter Investment Management
WAGE,WageWorks
WAIR,Wesco Aircraft
WAL,Western Alliance Bank
WAT,Waters
WBAI,500Wan.com
WBC,WABCO
WBK,Westpac Banking
WBS,Webster Financial
WCC,WESCO International
WCG,WellCare Health
WCIC,WCI Communities
WCN,Waste Connections
WD,Walker & Dunlop
WDAY,Workday
WDR,Waddell & Reed Financial
WEC,Wisconsin Energy
WES,Western Gas Partners
WEX,Wex
WF,Woori Finance
WFC,Wells Fargo
WFT,Weatherford
WG,Willbros Group
WGL,WGL Holdings
WGO,Winnebago
WHR,Whirlpool
WIT,Wipro
WK,Workiva
WLH,William Lyon Homes
WLK,Westlake Chemical
WLL,Whiting Petroleum
WLT,Walter Energy
WM,Waste Management
WMB,The Williams Companies
WMK,Weis Markets
WMLP,Westmoreland Resource Partners
WMS,Advanced Drainage Systems
WMT,Wal-Mart
WNC,Wabash National
WNR,Western Refining
WNRL,Western Refining Logistics
WNS,WNS Limited
WOR,Worthington Industries
WPC,W.P. Carey & Co.
WPG,Washington Prime Group
WPP,Wausau-Mosinee Paper
WPT,World Point Terminals
WPX,WPX Energy
WPZ,Williams Partners
WR,Westar Energy
WRB,W.R. Berkley
WSH,Willis Group
WSM,Williams-Sonoma
WSO,Watsco
WST,West Pharmaceutical Services
WTI,W&T Offshore
WTM,White Mountains Insurance Group
WTR,Aqua America
WTS,Watts Water Technologies
WTW,Weight Watchers
WU,Western Union
WUBA,58.com
WWAV,Whitewave Foods
WWE,World Wrestling Entertainment
WWW,Wolverine World Wide
WX,WuXi Pharmatech
WY,Weyerhaeuser
WYN,Wyndham
X,United States Steel
XCO,EXCO Resources
XEC,Cimarex Energy
XEL,Xcel Energy
XHR,Xenia Hotels & Resorts
XL,XL Company Switzerland
XLS,Exelis
XNY,China Xiniya Fashion
XOM,Exxon Mobil
XON,Intrexon
XOXO,XO Group
XPO,Express-1 Expedited Solutions
XRM,Xerium Technologies
XRS,TAL Education Group
XRX,Xerox
XUE,Xueda Education Group
XYL,Xylem
Y,Alleghany Corporation
YDKN,Yadkin Valley Financial
YELP,Yelp
YGE,Yingli Green Energy
YOKU,Youku.com
YPF,YPF Sociedad Anónima
YUM,Yum! Brands
YUME,Yume
YZC,Yanzhou Coal Mining
ZA,Zuoan Fashion
ZAYO,Zayo Group
ZBK,Zion Bancorporation
ZEN,Zendesk
ZEP,Zep
ZFC,Zais Financial
ZMH,Zimmer Holdings
ZNH,China Southern Airlines
ZOES,Zoe's Kitchen
ZPIN,Zhaopin
ZQK,Quiksilver
ZTS,Zoetis
ZX,China Zenix Auto
